Tx1,Ty1,Tz1,Tx2,Ty2,Tz2
-230.088,102.603,-1990.492,-247.516,125.852,-1979.038
-230.202,102.434,-1990.432,-247.616,125.692,-1978.914
-230.38,102.12,-1990.284,-247.835,125.339,-1978.699
-230.637,101.706,-1990.067,-248.152,124.867,-1978.538
-230.82,101.336,-1989.882,-248.397,124.427,-1978.27
-230.913,101.079,-1989.797,-248.493,124.182,-1978.165
-231.045,100.784,-1989.716,-248.673,123.852,-1978.102
-231.276,100.406,-1989.554,-248.969,123.417,-1977.909
-231.535,100.025,-1989.459,-249.299,122.972,-1977.817
-231.757,99.731,-1989.456,-249.589,122.613,-1977.788
-231.768,99.67,-1989.51,-249.625,122.545,-1977.852
-231.541,99.919,-1989.566,-249.361,122.853,-1977.984
-231.086,100.468,-1989.754,-248.799,123.506,-1978.177
-230.417,101.347,-1989.884,-247.951,124.545,-1978.411
-229.562,102.484,-1990.01,-246.857,125.863,-1978.624
-228.637,103.733,-1990.22,-245.632,127.313,-1978.77
-227.684,104.917,-1990.469,-244.413,128.684,-1978.936
-226.547,106.189,-1990.733,-242.992,130.187,-1979.27
-225.228,107.639,-1991.087,-241.302,131.889,-1979.549
-223.71,109.31,-1991.559,-239.37,133.848,-1980.124
-221.887,111.236,-1992.137,-237.067,136.161,-1980.955
-220.091,113.093,-1992.651,-234.738,138.405,-1981.628
-218.863,114.392,-1992.906,-233.147,139.961,-1981.971
-218.138,115.165,-1993.004,-232.278,140.849,-1982.104
-217.505,115.726,-1992.961,-231.487,141.52,-1982.194
-216.848,116.255,-1992.942,-230.681,142.163,-1982.22
-216.208,116.751,-1992.938,-229.874,142.756,-1982.228
-215.722,117.089,-1992.805,-229.241,143.185,-1982.13
-215.534,117.189,-1992.624,-229.019,143.303,-1981.979
-215.504,117.124,-1992.353,-228.995,143.223,-1981.663
-215.48,117.071,-1992.152,-228.96,143.168,-1981.432
-215.476,117.01,-1991.926,-228.933,143.106,-1981.181
-215.474,116.948,-1991.755,-228.94,143.024,-1980.976
-215.433,116.949,-1991.716,-228.894,143.03,-1980.942
-215.345,117.032,-1991.711,-228.771,143.144,-1980.991
-215.253,117.16,-1991.83,-228.645,143.289,-1981.064
-215.079,117.336,-1991.849,-228.425,143.5,-1981.177
-214.784,117.594,-1992.017,-228.038,143.799,-1981.284
-214.361,117.928,-1992.196,-227.515,144.194,-1981.468
-213.823,118.343,-1992.385,-226.869,144.694,-1981.766
-213.184,118.856,-1992.559,-226.043,145.31,-1981.929
-212.426,119.455,-1992.658,-225.068,146.01,-1982.025
-211.568,120.088,-1992.657,-223.993,146.763,-1982.128
-210.661,120.766,-1992.704,-222.829,147.564,-1982.111
-209.684,121.465,-1992.705,-221.6,148.393,-1982.167
-208.676,122.212,-1992.709,-220.312,149.264,-1982.231
-207.703,122.938,-1992.751,-219.045,150.106,-1982.229
-206.753,123.589,-1992.699,-217.85,150.864,-1982.205
-205.81,124.213,-1992.672,-216.641,151.595,-1982.139
-204.897,124.812,-1992.611,-215.501,152.272,-1982.12
-204.115,125.343,-1992.543,-214.507,152.897,-1982.096
-203.486,125.781,-1992.555,-213.686,153.396,-1982.069
-202.963,126.147,-1992.56,-213.026,153.828,-1982.057
-202.44,126.475,-1992.562,-212.387,154.21,-1982.15
-201.945,126.792,-1992.626,-211.742,154.589,-1982.239
-201.515,127.093,-1992.721,-211.215,154.943,-1982.39
-201.155,127.329,-1992.875,-210.747,155.223,-1982.516
-200.83,127.542,-1993.048,-210.348,155.47,-1982.715
-200.518,127.747,-1993.283,-209.96,155.729,-1983.042
-200.149,128.005,-1993.503,-209.516,156.021,-1983.284
-199.693,128.325,-1993.813,-208.927,156.404,-1983.589
-199.212,128.668,-1994.037,-208.339,156.825,-1984.012
-198.799,128.967,-1994.334,-207.805,157.181,-1984.309
-198.481,129.196,-1994.503,-207.424,157.446,-1984.456
-198.23,129.367,-1994.722,-207.128,157.659,-1984.775
-198.012,129.534,-1995.104,-206.867,157.862,-1985.171
-197.803,129.744,-1995.574,-206.616,158.122,-1985.825
-197.772,129.855,-1996.077,-206.563,158.271,-1986.37
-198.06,129.75,-1996.245,-206.925,158.141,-1986.549
-198.489,129.54,-1996.325,-207.484,157.896,-1986.645
-198.897,129.333,-1996.349,-207.991,157.642,-1986.711
-199.319,129.091,-1996.324,-208.509,157.366,-1986.688
-199.832,128.773,-1996.315,-209.143,157.004,-1986.561
-200.359,128.395,-1996.205,-209.811,156.58,-1986.501
-200.846,128.025,-1996.085,-210.427,156.142,-1986.341
-201.344,127.651,-1995.941,-211.039,155.73,-1986.186
-201.953,127.219,-1995.776,-211.796,155.227,-1985.98
-202.657,126.734,-1995.573,-212.699,154.659,-1985.781
-203.318,126.265,-1995.492,-213.517,154.08,-1985.524
-203.902,125.825,-1995.399,-214.251,153.585,-1985.488
-204.562,125.339,-1995.476,-215.07,153.011,-1985.445
-205.396,124.783,-1995.605,-216.112,152.362,-1985.468
-206.375,124.128,-1995.777,-217.351,151.611,-1985.723
-207.521,123.341,-1996.052,-218.795,150.678,-1985.89
-208.809,122.413,-1996.33,-220.445,149.599,-1986.15
-210.162,121.433,-1996.68,-222.173,148.452,-1986.481
-211.539,120.415,-1997.1,-223.916,147.273,-1986.908
-212.913,119.401,-1997.512,-225.65,146.081,-1987.33
-214.22,118.436,-1997.973,-227.328,144.939,-1987.798
-215.475,117.5,-1998.335,-228.917,143.841,-1988.221
-216.678,116.587,-1998.757,-230.452,142.754,-1988.609
-217.718,115.777,-1999.051,-231.784,141.809,-1989.033
-218.586,115.093,-1999.365,-232.887,140.993,-1989.255
-219.295,114.512,-1999.566,-233.776,140.295,-1989.403
-219.909,113.993,-1999.735,-234.571,139.668,-1989.651
-220.585,113.436,-2000.028,-235.428,138.991,-1989.809
-221.408,112.79,-2000.29,-236.484,138.206,-1990.051
-222.356,112.035,-2000.662,-237.697,137.291,-1990.393
-223.371,111.188,-2001.045,-239.006,136.276,-1990.817
-224.39,110.305,-2001.522,-240.307,135.192,-1991.174
-225.4,109.385,-2001.993,-241.608,134.087,-1991.635
-226.418,108.454,-2002.474,-242.924,132.982,-1992.255
-227.436,107.523,-2002.878,-244.236,131.876,-1992.755
-228.44,106.584,-2003.28,-245.516,130.758,-1993.209
-229.356,105.684,-2003.521,-246.695,129.702,-1993.577
-230.171,104.832,-2003.63,-247.729,128.67,-1993.562
-230.89,104.071,-2003.562,-248.627,127.768,-1993.479
-231.559,103.33,-2003.329,-249.454,126.884,-1993.208
-232.281,102.482,-2002.968,-250.342,125.867,-1992.717
-232.998,101.564,-2002.57,-251.235,124.759,-1992.19
-233.699,100.629,-2002.225,-252.107,123.623,-1991.675
-234.416,99.707,-2001.909,-252.994,122.533,-1991.31
-235.167,98.809,-2001.689,-253.928,121.432,-1990.973
-235.929,97.927,-2001.533,-254.875,120.363,-1990.719
-236.687,97.046,-2001.382,-255.814,119.301,-1990.545
-237.446,96.153,-2001.285,-256.767,118.213,-1990.377
-238.165,95.257,-2001.172,-257.673,117.143,-1990.2
-238.868,94.382,-2001.012,-258.555,116.097,-1990.07
-239.533,93.495,-2000.8,-259.408,115.042,-1989.903
-240.143,92.665,-2000.585,-260.151,114.071,-1989.681
-240.696,91.894,-2000.4,-260.867,113.112,-1989.427
-241.284,91.09,-2000.135,-261.635,112.135,-1989.14
-242.037,90.102,-1999.833,-262.638,110.869,-1988.763
-242.991,88.825,-1999.485,-263.899,109.203,-1988.239
-243.998,87.41,-1999.09,-265.232,107.359,-1987.641
-244.874,86.051,-1998.637,-266.391,105.648,-1987.131
-245.668,84.811,-1998.28,-267.423,104.1,-1986.713
-246.364,83.738,-1997.902,-268.299,102.762,-1986.291
-246.961,82.803,-1997.549,-269.037,101.631,-1985.903
-247.477,81.947,-1997.214,-269.656,100.614,-1985.492
-247.92,81.146,-1996.788,-270.158,99.67,-1984.94
-248.253,80.485,-1996.452,-270.516,98.908,-1984.468
-248.445,80.02,-1996.119,-270.737,98.388,-1984.194
-248.552,79.787,-1996.008,-270.84,98.125,-1984.037
-248.571,79.797,-1996.069,-270.833,98.161,-1984.055
-248.527,79.968,-1996.163,-270.759,98.368,-1984.136
-248.43,80.25,-1996.317,-270.608,98.718,-1984.235
-248.282,80.601,-1996.405,-270.43,99.119,-1984.389
-248.115,80.943,-1996.434,-270.219,99.508,-1984.398
-247.868,81.4,-1996.546,-269.902,100.022,-1984.45
-247.51,81.992,-1996.696,-269.468,100.714,-1984.62
-247.094,82.716,-1996.931,-268.958,101.513,-1984.854
-246.689,83.469,-1997.205,-268.465,102.362,-1985.072
-246.378,84.111,-1997.546,-268.06,103.082,-1985.301
-246.035,84.736,-1997.807,-267.662,103.782,-1985.637
-245.624,85.447,-1998.179,-267.185,104.601,-1986.017
-245.081,86.348,-1998.651,-266.515,105.674,-1986.547
-244.536,87.282,-1999.121,-265.823,106.773,-1987.019
-244.062,88.087,-1999.533,-265.258,107.732,-1987.487
-243.581,88.879,-1999.921,-264.656,108.678,-1987.931
-242.993,89.745,-2000.178,-263.941,109.712,-1988.305
-242.334,90.719,-2000.446,-263.103,110.889,-1988.644
-241.629,91.801,-2000.753,-262.207,112.211,-1989.07
-240.976,92.864,-2001.18,-261.364,113.476,-1989.415
-240.467,93.762,-2001.5,-260.678,114.546,-1989.768
-240.13,94.363,-2001.752,-260.259,115.232,-1990.079
-239.807,94.875,-2002.068,-259.853,115.825,-1990.325
-239.356,95.482,-2002.306,-259.308,116.557,-1990.669
-238.811,96.164,-2002.454,-258.649,117.393,-1990.893
-238.2,96.922,-2002.585,-257.889,118.32,-1991.069
-237.573,97.715,-2002.785,-257.111,119.257,-1991.237
-236.87,98.561,-2002.831,-256.234,120.296,-1991.376
-236.038,99.556,-2003.015,-255.223,121.507,-1991.669
-235.085,100.72,-2003.173,-254.063,122.914,-1992.053
-234.092,101.987,-2003.526,-252.799,124.474,-1992.428
-233.337,102.989,-2003.768,-251.854,125.661,-1992.737
-232.731,103.798,-2004.008,-251.103,126.61,-1993.155
-232.139,104.576,-2004.36,-250.39,127.517,-1993.523
-231.557,105.365,-2004.758,-249.711,128.442,-1994.007
-230.904,106.255,-2005.225,-248.917,129.499,-1994.598
-230.272,107.092,-2005.435,-248.113,130.497,-1994.849
-229.725,107.786,-2005.453,-247.433,131.303,-1994.887
-229.013,108.543,-2005.273,-246.533,132.233,-1994.805
-228.103,109.43,-2005.039,-245.374,133.32,-1994.631
-227.138,110.343,-2004.723,-244.124,134.441,-1994.264
-226.143,111.255,-2004.418,-242.856,135.569,-1993.98
-225.171,112.143,-2004.208,-241.615,136.692,-1993.904
-224.357,112.875,-2004.031,-240.58,137.605,-1993.885
-223.638,113.52,-2004.03,-239.669,138.407,-1993.995
-222.939,114.13,-2004.196,-238.765,139.181,-1994.234
-222.217,114.738,-2004.468,-237.855,139.962,-1994.616
-221.497,115.338,-2004.863,-236.941,140.723,-1995.167
-220.788,115.927,-2005.236,-236.016,141.502,-1995.642
-220.157,116.497,-2005.548,-235.202,142.231,-1996.163
-219.69,116.939,-2005.662,-234.582,142.801,-1996.384
-219.283,117.344,-2005.827,-234.043,143.311,-1996.594
-218.783,117.802,-2005.936,-233.401,143.894,-1996.778
-218.172,118.329,-2006.052,-232.621,144.548,-1997.042
-217.469,118.911,-2006.165,-231.731,145.278,-1997.325
-216.742,119.52,-2006.356,-230.797,146.035,-1997.546
-216.022,120.11,-2006.531,-229.903,146.747,-1997.895
-215.32,120.696,-2006.735,-229.006,147.477,-1998.177
-214.65,121.229,-2006.929,-228.165,148.13,-1998.509
-214.028,121.725,-2007.211,-227.391,148.741,-1998.846
-213.459,122.151,-2007.568,-226.672,149.27,-1999.326
-212.909,122.554,-2008.047,-225.979,149.785,-1999.929
-212.305,122.994,-2008.635,-225.248,150.337,-2000.68
-211.643,123.507,-2009.25,-224.414,150.962,-2001.428
-210.919,124.052,-2009.858,-223.506,151.633,-2002.201
-210.199,124.623,-2010.445,-222.611,152.338,-2002.974
-209.576,125.108,-2010.911,-221.834,152.923,-2003.532
-209.033,125.554,-2011.249,-221.152,153.457,-2004.052
-208.44,125.99,-2011.535,-220.409,153.983,-2004.368
-207.736,126.503,-2011.737,-219.555,154.611,-2004.867
-206.98,127.064,-2012.044,-218.64,155.29,-2005.296
-206.416,127.527,-2012.127,-217.912,155.837,-2005.492
-206.283,127.686,-2011.895,-217.766,155.996,-2005.249
-206.331,127.696,-2011.612,-217.846,155.993,-2004.908
-206.277,127.692,-2011.415,-217.793,155.986,-2004.693
-206.133,127.69,-2011.244,-217.612,155.991,-2004.514
-206.04,127.646,-2011.124,-217.484,155.956,-2004.373
-206.155,127.473,-2010.897,-217.62,155.771,-2004.123
-206.559,127.123,-2010.477,-218.108,155.354,-2003.616
-207.205,126.638,-2010.01,-218.918,154.766,-2002.919
-208.009,126.041,-2009.459,-219.939,154.025,-2002.242
-208.835,125.402,-2008.939,-220.993,153.262,-2001.587
-209.641,124.756,-2008.466,-222.03,152.492,-2001.064
-210.559,124.024,-2007.915,-223.172,151.601,-2000.287
-211.581,123.174,-2007.119,-224.453,150.58,-1999.212
-212.714,122.211,-2006.062,-225.85,149.38,-1997.789
-213.879,121.156,-2005.022,-227.283,148.09,-1996.441
-215.111,120.037,-2004.001,-228.809,146.746,-1995.225
-216.459,118.74,-2002.902,-230.485,145.17,-1993.816
-217.793,117.395,-2001.879,-232.185,143.572,-1992.667
-219.079,116.085,-2001.051,-233.783,141.997,-1991.557
-220.33,114.795,-2000.301,-235.347,140.454,-1990.597
-221.576,113.471,-1999.546,-236.941,138.88,-1989.719
-222.756,112.198,-1998.925,-238.432,137.354,-1988.992
-223.862,110.999,-1998.464,-239.818,135.924,-1988.305
-224.904,109.867,-1997.996,-241.126,134.561,-1987.687
-225.923,108.732,-1997.478,-242.402,133.211,-1987.08
-226.901,107.596,-1996.937,-243.643,131.838,-1986.448
-227.737,106.543,-1996.484,-244.713,130.591,-1985.92
-228.481,105.559,-1996.005,-245.651,129.431,-1985.42
-229.206,104.592,-1995.535,-246.552,128.271,-1984.792
-229.961,103.589,-1995.054,-247.5,127.069,-1984.166
-230.682,102.569,-1994.566,-248.396,125.873,-1983.565
-231.355,101.556,-1994.024,-249.244,124.677,-1982.978
-232.009,100.55,-1993.589,-250.04,123.491,-1982.354
-232.695,99.541,-1993.115,-250.897,122.272,-1981.763
-233.496,98.431,-1992.603,-251.876,120.924,-1981.042
-234.496,97.08,-1991.798,-253.138,119.251,-1979.965
-235.531,95.567,-1990.848,-254.446,117.312,-1978.735
-236.329,94.082,-1989.701,-255.448,115.449,-1977.237
-236.902,92.831,-1988.539,-256.166,113.859,-1975.758
-237.343,91.736,-1987.337,-256.706,112.459,-1974.188
-237.668,90.764,-1986.119,-257.077,111.217,-1972.614
-237.876,89.951,-1984.968,-257.339,110.205,-1971.212
-238.099,89.2,-1984.155,-257.599,109.271,-1970.149
-238.402,88.443,-1983.53,-257.992,108.349,-1969.417
-238.807,87.723,-1983.233,-258.501,107.47,-1969.036
-239.273,87.092,-1983.236,-259.081,106.71,-1968.985
-239.73,86.539,-1983.3,-259.599,106.012,-1969.005
-240.233,86.001,-1983.467,-260.207,105.333,-1969.09
-240.687,85.467,-1983.602,-260.726,104.682,-1969.093
-241.137,84.878,-1983.579,-261.285,104.016,-1969.177
-241.512,84.224,-1983.304,-261.748,103.289,-1968.969
-241.86,83.472,-1982.983,-262.186,102.462,-1968.65
-242.17,82.69,-1982.651,-262.606,101.602,-1968.421
-242.5,81.901,-1982.406,-263.039,100.745,-1968.27
-242.901,81.08,-1982.281,-263.501,99.784,-1968.072
-243.399,80.269,-1982.319,-264.066,98.821,-1967.997
-243.978,79.485,-1982.565,-264.707,97.894,-1968.094
-244.734,78.57,-1982.848,-265.568,96.792,-1968.275
-245.583,77.487,-1983.073,-266.487,95.462,-1968.33
-246.481,76.344,-1983.293,-267.472,94.091,-1968.329
-247.393,75.176,-1983.492,-268.491,92.687,-1968.416
-248.331,73.999,-1983.764,-269.517,91.293,-1968.567
-249.302,72.707,-1983.93,-270.566,89.767,-1968.564
-250.27,71.401,-1984.262,-271.604,88.286,-1968.802
-251.253,70.075,-1984.552,-272.699,86.804,-1969.134
-252.265,68.746,-1984.958,-273.822,85.288,-1969.492
-253.232,67.502,-1985.474,-274.931,83.891,-1970.058
-254.156,66.302,-1986.045,-276.032,82.523,-1970.659
-255.017,65.185,-1986.567,-277.091,81.207,-1971.259
-255.755,64.286,-1987.089,-277.979,80.146,-1971.75
-256.376,63.463,-1987.488,-278.717,79.175,-1972.122
-256.873,62.768,-1987.654,-279.363,78.312,-1972.404
-257.251,62.318,-1987.937,-279.832,77.765,-1972.635
-257.456,62.161,-1988.029,-280.187,77.583,-1972.98
-257.498,62.192,-1987.996,-280.294,77.643,-1973.018
-257.344,62.432,-1987.704,-280.158,77.88,-1972.79
-256.942,63.08,-1987.301,-279.694,78.658,-1972.448
-256.274,64.093,-1986.754,-278.876,79.885,-1971.895
-255.471,65.257,-1986.134,-277.887,81.281,-1971.292
-254.634,66.499,-1985.545,-276.824,82.754,-1970.652
-253.802,67.861,-1985.134,-275.753,84.352,-1970.201
-252.97,69.359,-1984.922,-274.686,86.129,-1969.899
-252.175,70.967,-1984.939,-273.668,88.01,-1969.865
-251.363,72.604,-1985.034,-272.622,89.931,-1969.882
-250.584,74.152,-1985.163,-271.664,91.761,-1970.124
-249.851,75.54,-1985.262,-270.747,93.417,-1970.315
-249.043,76.936,-1985.426,-269.759,95.052,-1970.516
-248.077,78.62,-1985.659,-268.565,97.031,-1970.864
-246.865,80.682,-1985.952,-267.022,99.474,-1971.242
-245.627,82.846,-1986.197,-265.399,102.078,-1971.475
-244.57,84.621,-1986.209,-263.995,104.165,-1971.36
-243.517,86.216,-1986.029,-262.646,106.031,-1971.144
-242.335,87.952,-1985.952,-261.139,108.131,-1971.166
-241.146,89.738,-1986.111,-259.647,110.271,-1971.501
-239.878,91.733,-1986.675,-258.034,112.638,-1972.156
-238.575,93.943,-1987.572,-256.37,115.306,-1973.304
-237.727,95.702,-1988.606,-255.25,117.429,-1974.512
-237.382,96.706,-1989.529,-254.9,118.525,-1975.511
-236.997,97.696,-1990.545,-254.42,119.708,-1976.717
-236.48,98.801,-1991.658,-253.821,121.006,-1978.05
-235.819,100.039,-1992.771,-253.059,122.473,-1979.435
-234.939,101.472,-1993.812,-251.982,124.183,-1980.767
-234.324,102.593,-1994.624,-251.227,125.53,-1981.804
-234.076,103.106,-1995.037,-250.991,126.073,-1982.299
-233.717,103.625,-1995.453,-250.6,126.643,-1982.76
-233.04,104.4,-1995.754,-249.807,127.535,-1983.136
-232.144,105.345,-1995.925,-248.709,128.601,-1983.227
-231.291,106.257,-1996.036,-247.63,129.625,-1983.258
-230.574,106.993,-1996.112,-246.722,130.396,-1983.083
-229.987,107.555,-1996.029,-245.958,130.973,-1982.866
-229.465,107.986,-1995.908,-245.277,131.359,-1982.359
-228.885,108.409,-1995.578,-244.518,131.752,-1981.821
-228.266,108.843,-1995.139,-243.687,132.164,-1980.987
-227.757,109.155,-1994.401,-243.027,132.41,-1980.083
-227.393,109.259,-1993.447,-242.511,132.41,-1978.77
-227.127,109.212,-1992.339,-242.149,132.19,-1977.337
-226.848,109.089,-1991.096,-241.735,131.88,-1975.625
-226.593,108.876,-1989.728,-241.358,131.425,-1973.824
-226.454,108.591,-1988.515,-241.119,130.882,-1972.099
-226.37,108.33,-1987.387,-240.991,130.414,-1970.664
-226.393,108.034,-1986.452,-240.957,129.892,-1969.407
-226.527,107.704,-1985.69,-241.144,129.333,-1968.455
-226.676,107.387,-1985.048,-241.314,128.814,-1967.512
-226.751,107.136,-1984.329,-241.451,128.379,-1966.63
-226.634,107.063,-1983.479,-241.314,128.152,-1965.601
-226.262,107.207,-1982.586,-240.816,128.223,-1964.524
-225.827,107.398,-1981.737,-240.227,128.359,-1963.514
-225.544,107.515,-1980.877,-239.863,128.38,-1962.458
-225.477,107.695,-1980.21,-239.843,128.423,-1961.656
-225.409,108.125,-1979.72,-239.957,128.69,-1961.062
-225.143,108.81,-1979.04,-239.652,129.372,-1960.353
-225.024,109.478,-1978.219,-239.593,129.983,-1959.536
-225.122,110.062,-1977.188,-239.743,130.517,-1958.447
-225.612,110.34,-1975.711,-240.402,130.674,-1956.977
-226.586,110.292,-1973.886,-241.658,130.353,-1955.075
-227.822,110.073,-1971.635,-243.248,129.824,-1952.823
-229.032,109.905,-1969.132,-244.763,129.342,-1950.17
-230.118,109.846,-1966.34,-246.073,129.015,-1947.323
-231.089,109.873,-1963.388,-247.27,128.793,-1944.356
-231.95,110.002,-1960.371,-248.318,128.715,-1941.3
-232.747,110.162,-1957.277,-249.327,128.659,-1938.302
-233.498,110.294,-1954.164,-250.263,128.561,-1935.035
-234.171,110.379,-1950.932,-251.071,128.434,-1931.771
-234.845,110.407,-1947.701,-251.812,128.301,-1928.363
-235.581,110.288,-1944.432,-252.579,128.058,-1925.051
-236.518,110.003,-1941.356,-253.597,127.65,-1921.989
-237.715,109.521,-1938.531,-254.889,127.02,-1919.082
-239.201,108.768,-1935.872,-256.541,126.041,-1916.308
-240.865,107.848,-1933.473,-258.433,124.834,-1913.824
-242.528,106.91,-1931.388,-260.327,123.681,-1911.792
-244.081,106.09,-1929.603,-262.028,122.659,-1909.904
-245.48,105.402,-1928.084,-263.571,121.793,-1908.399
-246.718,104.865,-1926.962,-264.927,121.146,-1907.249
-247.823,104.322,-1926.053,-266.171,120.44,-1906.401
-248.764,103.864,-1925.573,-267.261,119.862,-1905.948
-249.414,103.593,-1925.523,-268.019,119.525,-1905.969
-249.72,103.533,-1925.908,-268.398,119.485,-1906.435
-249.627,103.712,-1926.722,-268.335,119.752,-1907.341
-249.051,104.159,-1927.793,-267.696,120.353,-1908.418
-248.095,104.766,-1929.142,-266.615,121.212,-1909.938
-246.919,105.469,-1930.846,-265.302,122.228,-1911.739
-245.55,106.238,-1932.857,-263.77,123.353,-1913.929
-244.008,107.091,-1935.21,-262.055,124.565,-1916.477
-242.212,108.124,-1937.838,-260.031,126.03,-1919.306
-240.062,109.465,-1940.709,-257.553,127.942,-1922.487
-237.395,111.145,-1943.66,-254.336,130.354,-1925.685
-234.297,112.966,-1946.515,-250.555,132.917,-1928.697
-231.069,114.812,-1949.573,-246.585,135.506,-1931.867
-228.083,116.474,-1952.9,-243.05,137.822,-1935.538
-225.432,117.928,-1956.548,-240.017,139.828,-1939.544
-223.157,119.199,-1960.439,-237.438,141.609,-1943.953
-221.32,120.181,-1964.534,-235.392,142.994,-1948.371
-219.894,120.907,-1968.633,-233.792,144.125,-1952.854
-218.695,121.382,-1972.539,-232.453,144.891,-1957.064
-217.557,121.77,-1976.31,-231.145,145.682,-1961.358
-216.43,122.009,-1979.871,-229.863,146.248,-1965.337
-215.275,122.238,-1983.268,-228.533,146.807,-1969.128
-214.129,122.408,-1986.652,-227.239,147.311,-1972.967
-213.863,122.445,-1989.287,-226.834,147.819,-1976.445
-215.449,121.249,-1991.039,-228.914,146.425,-1978.245
-216.595,120.36,-1992.519,-230.413,145.435,-1979.961
-216.947,120.191,-1994.045,-230.488,145.613,-1981.855
-217.226,120.013,-1995.441,-230.734,145.519,-1983.388
-217.429,119.896,-1996.881,-230.878,145.558,-1985.049
-217.744,119.658,-1998.051,-231.235,145.406,-1986.558
-218.289,119.203,-1999.177,-231.926,144.94,-1987.827
-218.891,118.658,-2000.036,-232.59,144.448,-1988.859
-219.558,118.075,-2000.869,-233.373,143.884,-1989.876
-220.223,117.464,-2001.58,-234.178,143.289,-1990.819
-220.853,116.892,-2002.284,-234.976,142.703,-1991.707
-221.371,116.383,-2002.877,-235.656,142.169,-1992.455
-221.752,115.975,-2003.342,-236.17,141.76,-1993.091
-222.011,115.669,-2003.451,-236.543,141.431,-1993.311
-221.98,115.533,-2003.12,-236.564,141.293,-1993.073
-221.55,115.604,-2002.321,-236.085,141.381,-1992.237
-220.581,115.925,-2000.985,-234.974,141.713,-1990.74
-218.97,116.532,-1999.199,-233.049,142.401,-1988.725
-216.79,117.395,-1997.087,-230.384,143.422,-1986.375
-214.202,118.447,-1994.692,-227.21,144.657,-1983.675
-211.251,119.669,-1991.903,-223.615,146.079,-1980.615
-207.902,121.064,-1988.785,-219.53,147.619,-1977.071
-203.985,122.723,-1985.507,-214.766,149.415,-1973.359
-199.534,124.513,-1982.182,-209.202,151.378,-1969.508
-194.94,126.196,-1979.348,-203.326,153.233,-1966.103
-190.476,127.748,-1976.846,-197.805,155.021,-1963.487
-186.207,129.108,-1974.57,-192.584,156.584,-1961.073
-182.098,130.288,-1972.451,-187.516,157.873,-1958.77
-178.2,131.324,-1970.351,-182.705,158.972,-1956.53
-174.457,132.262,-1968.503,-178.084,159.928,-1954.461
-170.864,133.152,-1966.988,-173.627,160.877,-1952.845
-160.255,141.487,-1853.479,-167.445,133.909,-1965.756
-156.862,142.118,-1852.452,-164.261,134.56,-1964.826
-161.234,135.084,-1963.79,-153.668,142.617,-1851.48
-166.647,156.644,-2073.549,-157.994,163.257,-1948.588
-147.671,143.37,-1850.185,-155.545,135.889,-1962.203
-152.919,136.252,-1961.718,-144.902,143.713,-1849.755
-157.11,157.751,-2071.7,-148.09,164.294,-1947.11
-153.99,158.068,-2071.392,-144.834,164.589,-1946.968
-151.144,158.239,-2070.815,-141.881,164.744,-1946.657
-148.532,158.386,-2070.114,-139.184,164.873,-1946.265
-136.726,164.96,-1945.894,-141.118,137.498,-1960.174
-134.625,165.068,-1945.612,-139.419,137.664,-1959.929
-133.013,165.15,-1945.333,-138.13,137.806,-1959.685
-132.284,165.219,-1944.954,-137.527,137.92,-1959.289
-132.439,165.253,-1944.45,-137.644,137.988,-1958.833
-133.348,165.276,-1943.862,-138.381,138.026,-1958.406
-134.712,165.254,-1943.43,-139.52,138.011,-1958.016
-136.559,165.175,-1942.812,-141.055,137.946,-1957.578
-148.022,158.629,-2064.84,-138.689,165.055,-1942.248
-150.123,158.476,-2064.287,-140.852,164.912,-1941.611
-152.14,158.345,-2063.76,-142.921,164.783,-1941.168
-154.135,158.252,-2063.52,-144.944,164.699,-1940.81
-156.126,158.143,-2063.333,-146.969,164.6,-1940.53
-158.372,157.984,-2063.084,-149.268,164.45,-1940.237
-160.953,157.728,-2062.771,-151.959,164.206,-1939.934
-156.084,136.771,-1955.037,-148.042,144.129,-1844.551
-150.328,143.899,-1844.53,-158.275,136.528,-1955.027
-152.815,143.619,-1844.685,-160.644,136.24,-1955.104
-155.465,143.284,-1844.904,-163.15,135.894,-1955.259
-158.213,142.92,-1845.26,-165.735,135.523,-1955.505
-160.867,142.524,-1845.745,-168.212,135.117,-1955.878
-163.374,142.115,-1846.246,-170.572,134.698,-1956.29
-172.938,134.259,-1956.875,-175.382,161.123,-1941.094
-175.338,133.834,-1957.557,-178.452,160.644,-1941.797
-177.825,133.378,-1958.416,-181.642,160.115,-1942.674
-180.437,132.89,-1959.385,-185.022,159.538,-1943.722
-183.167,132.34,-1960.542,-188.583,158.868,-1944.879
-185.823,131.761,-1961.663,-192.064,158.13,-1946.08
-188.417,131.199,-1962.908,-195.463,157.397,-1947.39
-190.949,130.639,-1964.379,-198.804,156.682,-1948.974
-193.374,130.1,-1966.02,-202.003,156.021,-1950.769
-195.625,129.592,-1967.75,-205.016,155.417,-1952.8
-197.498,129.131,-1969.461,-207.527,154.854,-1954.771
-199.094,128.722,-1971.185,-209.68,154.363,-1956.737
-200.509,128.313,-1972.842,-211.651,153.841,-1958.583
-201.702,127.934,-1974.213,-213.312,153.334,-1960.123
-202.837,127.533,-1975.557,-214.892,152.817,-1961.602
-203.935,127.114,-1976.846,-216.446,152.246,-1962.981
-204.93,126.697,-1977.935,-217.888,151.71,-1964.338
-205.83,126.313,-1978.938,-219.15,151.204,-1965.428
-206.699,125.946,-1979.738,-220.349,150.723,-1966.358
-207.578,125.567,-1980.488,-221.546,150.232,-1967.216
-208.436,125.174,-1980.965,-222.716,149.703,-1967.738
-209.249,124.81,-1981.394,-223.817,149.213,-1968.252
-209.905,124.518,-1981.761,-224.721,148.784,-1968.574
-210.333,124.365,-1982.365,-225.295,148.55,-1969.262
-210.561,124.404,-1983.65,-225.666,148.612,-1970.763
-210.534,124.634,-1985.658,-225.792,148.979,-1973.203
-210.333,124.987,-1988.029,-225.66,149.543,-1976.079
-210.391,125.238,-1990.414,-225.764,150.029,-1978.974
-210.994,125.159,-1992.655,-226.482,150.186,-1982.03
-212.033,124.75,-1995.172,-227.835,149.838,-1985.057
-212.939,124.355,-1997.895,-229.07,149.497,-1988.48
-213.548,124.078,-2000.749,-229.906,149.366,-1992.153
-213.834,123.83,-2003.441,-230.381,149.231,-1995.626
-213.909,123.681,-2006.008,-230.534,149.231,-1998.892
-213.876,123.571,-2008.292,-230.538,149.268,-2001.803
-213.719,123.5,-2010.466,-230.363,149.357,-2004.575
-213.59,123.418,-2012.643,-230.161,149.457,-2007.463
-213.569,123.19,-2014.653,-230.117,149.356,-2010.064
-213.645,122.838,-2016.719,-230.213,149.1,-2012.739
-213.524,122.62,-2018.739,-230.042,149.005,-2015.568
-213.403,122.364,-2020.959,-229.866,148.885,-2018.583
-213.484,121.948,-2023.13,-230,148.495,-2021.64
-213.688,121.412,-2025.193,-230.273,147.957,-2024.562
-213.9,120.819,-2027.319,-230.558,147.328,-2027.594
-214.043,120.174,-2029.591,-230.683,146.651,-2030.839
-214.193,119.404,-2031.743,-230.826,145.847,-2033.912
-214.433,118.598,-2033.933,-231.134,144.898,-2037.01
-214.562,117.803,-2036.064,-231.311,143.957,-2040.02
-214.699,116.961,-2038.265,-231.527,142.908,-2042.986
-214.876,116.043,-2040.224,-231.794,141.805,-2045.597
-215.061,115.104,-2042.134,-232.138,140.617,-2048.32
-215.241,114.25,-2044.106,-232.397,139.516,-2051.021
-215.432,113.409,-2045.93,-232.656,138.435,-2053.496
-215.61,112.635,-2047.615,-232.851,137.465,-2055.87
-215.782,112.06,-2049.226,-233.039,136.688,-2057.981
-215.939,111.631,-2050.702,-233.193,136.087,-2059.919
-216.056,111.242,-2052.074,-233.329,135.536,-2061.749
-216.133,110.884,-2053.495,-233.368,135.024,-2063.449
-216.242,110.526,-2054.78,-233.495,134.487,-2065.297
-216.393,110.23,-2055.909,-233.68,134.029,-2066.796
-216.563,110.008,-2056.916,-233.866,133.663,-2067.99
-216.777,109.823,-2057.678,-234.122,133.363,-2069.135
-216.959,109.687,-2058.285,-234.314,133.13,-2069.866
-217.088,109.549,-2058.832,-234.478,132.878,-2070.456
-217.208,109.363,-2059.214,-234.62,132.59,-2071.068
-217.431,109.07,-2059.674,-234.929,132.155,-2071.519
-217.674,108.782,-2060.052,-235.284,131.736,-2072.129
-217.948,108.563,-2060.328,-235.615,131.397,-2072.45
-218.31,108.357,-2060.376,-236.117,131.068,-2072.481
-218.645,108.158,-2060.412,-236.608,130.749,-2072.553
-218.881,108.034,-2060.23,-236.978,130.543,-2072.415
-219.085,108.06,-2059.9,-237.263,130.543,-2071.964
-219.245,108.299,-2059.142,-237.537,130.8,-2071.016
-219.376,108.694,-2058.086,-237.738,131.255,-2069.708
-219.716,109.114,-2056.7,-238.256,131.749,-2067.827
-220.294,109.537,-2054.74,-239.212,132.184,-2065.293
-220.723,110.013,-2052.557,-239.958,132.779,-2062.281
-221.17,110.502,-2050.142,-240.622,133.419,-2059.076
-221.825,111.002,-2047.008,-241.642,134.091,-2054.498
-222.765,111.481,-2043.044,-243.051,134.666,-2048.8
-223.694,111.873,-2038.851,-244.386,135.067,-2042.593
-224.495,112.223,-2034.63,-245.486,135.37,-2036.836
-225.06,112.656,-2030.488,-246.269,135.676,-2031.069
-224.767,113.438,-2026.941,-245.939,136.487,-2026.113
-223.84,114.617,-2024.017,-244.589,138.009,-2022.526
-222.806,115.717,-2021.163,-243.236,139.321,-2018.903
-221.869,116.673,-2018.473,-241.974,140.468,-2015.454
-220.984,117.476,-2015.73,-240.848,141.373,-2012.055
-219.91,118.399,-2012.831,-239.512,142.393,-2008.521
-218.31,119.649,-2010.108,-237.499,143.833,-2005.099
-216.4,121.082,-2007.728,-235.033,145.592,-2002.167
-214.556,122.409,-2005.45,-232.727,147.18,-1999.487
-212.774,123.686,-2003.159,-230.466,148.688,-1996.784
-211.002,124.869,-2000.776,-228.202,150.092,-1993.913
-209.274,125.94,-1998.774,-226.027,151.331,-1991.408
-207.598,127.003,-1997.219,-223.906,152.614,-1989.71
-206.025,128.002,-1996.003,-221.947,153.828,-1988.372
-204.796,128.865,-1995.195,-220.395,154.858,-1987.464
-204.01,129.472,-1994.716,-219.452,155.561,-1986.983
-203.538,129.853,-1994.482,-218.895,155.967,-1986.623
-203.362,130.079,-1994.548,-218.669,156.224,-1986.709
-203.491,130.111,-1994.736,-218.828,156.239,-1986.908
-203.927,129.987,-1995.058,-219.357,156.072,-1987.241
-204.564,129.748,-1995.41,-220.139,155.781,-1987.716
-205.357,129.415,-1995.79,-221.096,155.359,-1988.17
-206.273,129.035,-1996.14,-222.179,154.875,-1988.49
-207.324,128.609,-1996.562,-223.452,154.33,-1989.002
-208.511,128.15,-1996.917,-224.868,153.729,-1989.436
-209.823,127.67,-1997.305,-226.445,153.101,-1989.801
-211.21,127.212,-1997.567,-228.099,152.427,-1989.909
-212.64,126.751,-1997.794,-229.79,151.737,-1989.903
-214.298,126.187,-1998.298,-231.77,150.975,-1990.522
-216.293,125.422,-1999.141,-234.177,149.979,-1991.575
-218.539,124.495,-2000.178,-236.861,148.787,-1992.836
-220.994,123.454,-2001.239,-239.795,147.484,-1994.181
-223.592,122.36,-2002.471,-242.895,146.094,-1995.833
-226.327,121.216,-2003.782,-246.082,144.675,-1997.495
-229.221,119.948,-2005.122,-249.484,143.076,-1999.23
-232.146,118.645,-2006.547,-252.867,141.505,-2001.245
-235.129,117.224,-2008.225,-256.326,139.793,-2003.624
-238.13,115.689,-2009.952,-259.814,137.928,-2006.047
-241.153,114.108,-2011.805,-263.321,135.988,-2008.63
-244.203,112.465,-2013.689,-266.764,134.014,-2011.262
-247.208,110.781,-2015.57,-270.153,131.985,-2013.903
-250.162,109.116,-2017.356,-273.472,129.94,-2016.283
-253.032,107.505,-2019.026,-276.668,127.967,-2018.475
-255.837,105.799,-2020.654,-279.835,125.857,-2020.686
-258.633,104.014,-2022.16,-282.983,123.656,-2022.661
-261.441,102.158,-2023.325,-286.117,121.395,-2024.222
-264.251,100.216,-2024.347,-289.236,118.983,-2025.434
-267.055,98.197,-2025.426,-292.371,116.475,-2026.879
-269.827,96.171,-2026.392,-295.449,113.943,-2028.207
-272.36,94.284,-2027.166,-298.294,111.57,-2029.433
-274.629,92.545,-2027.667,-300.816,109.471,-2030.333
-276.795,90.784,-2028.2,-303.222,107.269,-2030.997
-278.727,89.106,-2028.476,-305.397,105.159,-2031.438
-280.411,87.676,-2028.528,-307.267,103.384,-2031.421
-281.944,86.407,-2028.257,-308.974,101.824,-2031.265
-283.312,85.267,-2028.024,-310.493,100.41,-2030.896
-284.466,84.269,-2027.899,-311.757,99.203,-2030.759
-285.395,83.39,-2027.74,-312.785,98.116,-2030.641
-286.234,82.606,-2027.577,-313.714,97.173,-2030.602
-287.13,81.852,-2027.308,-314.717,96.245,-2030.424
-288.007,81.2,-2027.072,-315.68,95.422,-2030.148
-288.691,80.741,-2026.736,-316.404,94.898,-2029.756
