Tx,Ty,Tz,Tx,Ty,Tz
-247.6,102.341,-1835.933,-252.254,72.143,-1842.688
-247.558,102.355,-1835.94,-252.208,72.156,-1842.7
-247.503,102.39,-1835.992,-252.161,72.198,-1842.709
-247.483,102.433,-1836.031,-252.151,72.234,-1842.768
-247.467,102.454,-1836.056,-252.142,72.262,-1842.815
-247.423,102.467,-1836.078,-252.107,72.275,-1842.853
-247.379,102.478,-1836.168,-252.055,72.282,-1842.88
-247.351,102.481,-1836.201,-252.025,72.289,-1842.904
-247.354,102.463,-1836.189,-252.03,72.268,-1842.925
-247.37,102.448,-1836.179,-252.054,72.253,-1842.955
-247.377,102.448,-1836.179,-252.06,72.257,-1842.929
-247.377,102.446,-1836.187,-252.062,72.254,-1842.924
-247.403,102.467,-1836.179,-252.08,72.268,-1842.917
-247.453,102.476,-1836.174,-252.128,72.28,-1842.925
-247.509,102.471,-1836.165,-252.181,72.276,-1842.91
-247.539,102.45,-1836.142,-252.208,72.258,-1842.88
-247.579,102.415,-1836.128,-252.24,72.227,-1842.862
-247.63,102.391,-1836.141,-252.278,72.195,-1842.861
-247.679,102.377,-1836.093,-252.325,72.18,-1842.852
-247.722,102.368,-1836.117,-252.379,72.178,-1842.889
-247.744,102.38,-1836.148,-252.398,72.185,-1842.902
-247.739,102.393,-1836.2,-252.403,72.199,-1842.981
-247.742,102.402,-1836.248,-252.401,72.213,-1843.022
-247.751,102.436,-1836.345,-252.405,72.238,-1843.083
-247.758,102.456,-1836.371,-252.42,72.256,-1843.096
-247.797,102.45,-1836.357,-252.454,72.251,-1843.094
-247.871,102.402,-1836.323,-252.515,72.2,-1843.054
-247.95,102.296,-1836.181,-252.59,72.105,-1842.943
-248.065,102.163,-1836.03,-252.677,71.969,-1842.79
-248.204,102,-1835.87,-252.795,71.805,-1842.612
-248.4,101.822,-1835.669,-252.954,71.628,-1842.409
-248.63,101.653,-1835.482,-253.145,71.449,-1842.214
-248.873,101.485,-1835.244,-253.373,71.291,-1842.063
-249.145,101.328,-1835.118,-253.601,71.138,-1841.887
-249.411,101.218,-1835.051,-253.835,71.018,-1841.819
-249.672,101.112,-1835.059,-254.067,70.906,-1841.83
-249.946,101.027,-1835.098,-254.317,70.815,-1841.889
-250.175,100.938,-1835.121,-254.533,70.724,-1841.952
-250.463,100.853,-1835.198,-254.788,70.643,-1842.006
-250.769,100.748,-1835.206,-255.075,70.536,-1842.011
-251.075,100.614,-1835.153,-255.345,70.41,-1841.99
-251.289,100.481,-1835.052,-255.55,70.273,-1841.937
-251.463,100.353,-1834.986,-255.697,70.139,-1841.816
-251.631,100.213,-1834.835,-255.832,70,-1841.715
-251.743,100.085,-1834.659,-255.937,69.877,-1841.563
-251.795,99.998,-1834.515,-255.98,69.787,-1841.428
-251.774,99.923,-1834.341,-255.963,69.721,-1841.304
-251.693,99.889,-1834.223,-255.883,69.685,-1841.193
-251.59,99.908,-1834.222,-255.771,69.699,-1841.136
-251.449,99.941,-1834.169,-255.647,69.742,-1841.118
-251.296,100.008,-1834.173,-255.504,69.81,-1841.137
-251.085,100.105,-1834.213,-255.295,69.9,-1841.128
-250.832,100.227,-1834.269,-255.045,70.021,-1841.181
-250.527,100.36,-1834.333,-254.779,70.167,-1841.247
-250.256,100.505,-1834.368,-254.529,70.31,-1841.291
-249.979,100.644,-1834.413,-254.267,70.453,-1841.338
-249.664,100.789,-1834.423,-253.967,70.601,-1841.34
-249.318,100.926,-1834.432,-253.635,70.738,-1841.316
-248.966,101.057,-1834.373,-253.313,70.864,-1841.293
-248.616,101.208,-1834.366,-252.991,71.026,-1841.277
-248.282,101.363,-1834.334,-252.672,71.191,-1841.226
-247.934,101.519,-1834.264,-252.34,71.355,-1841.191
-247.499,101.681,-1834.242,-251.934,71.508,-1841.185
-247.018,101.864,-1834.255,-251.487,71.687,-1841.188
-246.54,102.034,-1834.22,-251.043,71.868,-1841.139
-246.102,102.204,-1834.214,-250.643,72.054,-1841.173
-245.664,102.417,-1834.218,-250.244,72.273,-1841.242
-245.172,102.642,-1834.279,-249.791,72.5,-1841.254
-244.675,102.91,-1834.431,-249.319,72.759,-1841.354
-244.177,103.154,-1834.522,-248.859,73.009,-1841.483
-243.709,103.39,-1834.637,-248.447,73.257,-1841.589
-243.281,103.578,-1834.734,-248.044,73.45,-1841.643
-242.795,103.75,-1834.776,-247.592,73.62,-1841.639
-242.235,103.943,-1834.83,-247.071,73.806,-1841.736
-241.631,104.139,-1834.875,-246.507,74.013,-1841.743
-241.05,104.351,-1834.891,-245.965,74.237,-1841.746
-240.44,104.589,-1834.886,-245.393,74.479,-1841.734
-239.77,104.87,-1834.931,-244.775,74.753,-1841.759
-239.026,105.133,-1834.901,-244.084,75.028,-1841.754
-238.255,105.401,-1834.944,-243.374,75.308,-1841.8
-237.486,105.698,-1835.064,-242.673,75.611,-1841.838
-236.781,106.026,-1835.135,-242.016,75.935,-1841.898
-236.097,106.341,-1835.249,-241.394,76.262,-1842.01
-235.406,106.674,-1835.46,-240.773,76.598,-1842.177
-234.731,106.984,-1835.576,-240.16,76.915,-1842.295
-234.079,107.28,-1835.701,-239.565,77.222,-1842.466
-233.473,107.561,-1835.88,-239.027,77.51,-1842.619
-232.936,107.813,-1836.074,-238.553,77.756,-1842.739
-232.446,108.014,-1836.15,-238.107,77.966,-1842.765
-231.956,108.198,-1836.184,-237.669,78.16,-1842.84
-231.505,108.369,-1836.276,-237.263,78.338,-1842.906
-231.115,108.531,-1836.346,-236.9,78.485,-1842.882
-230.738,108.667,-1836.392,-236.585,78.632,-1842.983
-230.329,108.783,-1836.467,-236.246,78.757,-1842.994
-229.891,108.89,-1836.524,-235.877,78.876,-1843.038
-229.502,108.987,-1836.573,-235.546,78.986,-1843.032
-229.188,109.082,-1836.613,-235.278,79.089,-1843.037
-228.862,109.184,-1836.666,-235.014,79.202,-1843.079
-228.521,109.28,-1836.737,-234.75,79.307,-1843.157
-228.166,109.368,-1836.84,-234.488,79.4,-1843.234
-227.841,109.45,-1836.959,-234.233,79.49,-1843.301
-227.526,109.529,-1837.081,-233.993,79.578,-1843.385
-227.303,109.585,-1837.152,-233.835,79.637,-1843.452
-227.117,109.618,-1837.283,-233.713,79.682,-1843.562
-226.835,109.645,-1837.349,-233.532,79.725,-1843.64
-226.553,109.664,-1837.538,-233.333,79.76,-1843.693
-226.229,109.655,-1837.65,-233.135,79.765,-1843.811
-225.979,109.641,-1837.77,-232.999,79.773,-1843.924
-225.75,109.643,-1837.912,-232.873,79.789,-1844.012
-225.428,109.63,-1838.026,-232.703,79.798,-1844.091
-225.106,109.605,-1838.173,-232.521,79.807,-1844.185
-224.756,109.595,-1838.362,-232.322,79.822,-1844.299
-224.329,109.579,-1838.563,-232.071,79.839,-1844.43
-223.887,109.553,-1838.764,-231.81,79.844,-1844.524
-223.492,109.504,-1838.881,-231.562,79.829,-1844.583
-223.15,109.476,-1838.953,-231.337,79.829,-1844.675
-222.842,109.477,-1839.116,-231.113,79.837,-1844.718
-222.51,109.482,-1839.206,-230.895,79.867,-1844.796
-222.16,109.47,-1839.27,-230.682,79.898,-1844.865
-221.812,109.469,-1839.456,-230.462,79.92,-1844.993
-221.461,109.446,-1839.569,-230.227,79.922,-1844.999
-221.148,109.383,-1839.618,-230.041,79.881,-1845.031
-220.958,109.289,-1839.616,-229.94,79.82,-1845.046
-220.767,109.189,-1839.657,-229.862,79.754,-1845.05
-220.502,109.073,-1839.676,-229.757,79.677,-1845.078
-220.257,108.947,-1839.761,-229.651,79.591,-1845.114
-220.038,108.814,-1839.783,-229.567,79.494,-1845.109
-219.883,108.676,-1839.904,-229.522,79.392,-1845.113
-219.752,108.53,-1839.905,-229.521,79.272,-1845.115
-219.62,108.376,-1839.947,-229.508,79.16,-1845.138
-219.396,108.199,-1839.953,-229.45,79.03,-1845.185
-219.193,108.006,-1839.994,-229.393,78.891,-1845.206
-218.932,107.736,-1839.891,-229.337,78.705,-1845.156
-218.65,107.424,-1839.676,-229.292,78.488,-1845.009
-218.324,107.106,-1839.485,-229.225,78.281,-1844.885
-217.995,106.848,-1839.457,-229.153,78.118,-1844.896
-217.685,106.638,-1839.474,-229.055,77.997,-1844.915
-217.396,106.485,-1839.533,-228.964,77.915,-1844.976
-217.113,106.349,-1839.63,-228.874,77.854,-1845.07
-216.89,106.258,-1839.81,-228.797,77.808,-1845.153
-216.627,106.173,-1839.937,-228.669,77.773,-1845.244
-216.337,106.092,-1840.121,-228.506,77.74,-1845.389
-215.984,106.025,-1840.367,-228.285,77.72,-1845.53
-215.627,105.984,-1840.597,-228.066,77.715,-1845.646
-215.328,105.931,-1840.761,-227.878,77.703,-1845.779
-215.071,105.884,-1840.874,-227.699,77.684,-1845.815
-214.813,105.869,-1840.919,-227.492,77.686,-1845.855
-214.521,105.872,-1841.009,-227.258,77.709,-1845.892
-214.185,105.864,-1841.105,-227.01,77.729,-1845.945
-213.891,105.885,-1841.17,-226.761,77.767,-1846.012
-213.481,105.906,-1841.258,-226.419,77.816,-1846.043
-212.968,105.926,-1841.428,-226.032,77.883,-1846.161
-212.501,105.98,-1841.539,-225.648,77.971,-1846.254
-212.05,106.071,-1841.689,-225.257,78.085,-1846.337
-211.539,106.166,-1841.803,-224.841,78.213,-1846.438
-211.027,106.288,-1841.992,-224.398,78.366,-1846.534
-210.508,106.432,-1842.131,-223.952,78.53,-1846.676
-209.933,106.597,-1842.263,-223.43,78.715,-1846.739
-209.274,106.771,-1842.409,-222.849,78.924,-1846.868
-208.659,106.969,-1842.528,-222.27,79.134,-1846.975
-208.045,107.208,-1842.697,-221.665,79.371,-1847.075
-207.352,107.446,-1842.879,-221.011,79.624,-1847.169
-206.535,107.672,-1843.072,-220.278,79.871,-1847.342
-205.721,107.872,-1843.215,-219.554,80.115,-1847.441
-204.881,108.041,-1843.452,-218.818,80.327,-1847.524
-204.063,108.187,-1843.656,-218.154,80.536,-1847.681
-203.421,108.322,-1843.897,-217.593,80.713,-1847.778
-202.83,108.402,-1844.053,-217.126,80.844,-1847.905
-202.307,108.429,-1844.281,-216.735,80.925,-1848.042
-201.873,108.387,-1844.447,-216.456,80.957,-1848.185
-201.535,108.298,-1844.624,-216.272,80.941,-1848.285
-201.351,108.192,-1844.796,-216.205,80.904,-1848.414
-201.249,108.051,-1844.968,-216.231,80.828,-1848.535
-201.208,107.867,-1845.091,-216.336,80.726,-1848.656
-201.187,107.656,-1845.183,-216.46,80.591,-1848.752
-201.197,107.435,-1845.249,-216.615,80.436,-1848.803
-201.216,107.193,-1845.285,-216.758,80.272,-1848.845
-201.22,106.924,-1845.331,-216.916,80.106,-1848.899
-201.277,106.729,-1845.348,-217.082,79.972,-1848.94
-201.397,106.58,-1845.418,-217.266,79.861,-1848.976
-201.454,106.434,-1845.457,-217.39,79.747,-1848.999
-201.471,106.303,-1845.487,-217.476,79.658,-1849.04
-201.414,106.177,-1845.548,-217.502,79.58,-1849.106
-201.307,106.059,-1845.657,-217.481,79.52,-1849.158
-201.119,105.937,-1845.758,-217.398,79.459,-1849.228
-200.863,105.811,-1845.869,-217.27,79.402,-1849.317
-200.617,105.716,-1845.956,-217.13,79.367,-1849.397
-200.392,105.605,-1846.038,-217.018,79.318,-1849.427
-200.176,105.532,-1846.131,-216.902,79.299,-1849.495
-199.927,105.463,-1846.253,-216.753,79.289,-1849.57
-199.622,105.389,-1846.395,-216.568,79.283,-1849.636
-199.345,105.316,-1846.505,-216.384,79.279,-1849.719
-199.122,105.27,-1846.632,-216.237,79.274,-1849.797
-198.942,105.199,-1846.723,-216.13,79.258,-1849.859
-198.785,105.143,-1846.867,-216.041,79.237,-1849.943
-198.626,105.074,-1846.976,-215.957,79.214,-1850.007
-198.46,105.014,-1847.11,-215.873,79.191,-1850.168
-198.31,104.957,-1847.25,-215.796,79.175,-1850.281
-198.177,104.875,-1847.343,-215.748,79.148,-1850.378
-198.095,104.776,-1847.422,-215.73,79.096,-1850.449
-197.954,104.652,-1847.558,-215.678,79.037,-1850.502
-197.835,104.547,-1847.671,-215.63,78.972,-1850.558
-197.706,104.416,-1847.829,-215.582,78.897,-1850.678
-197.558,104.255,-1847.941,-215.536,78.802,-1850.749
-197.451,104.1,-1848.005,-215.535,78.711,-1850.834
-197.422,103.953,-1848.074,-215.586,78.611,-1850.884
-197.436,103.804,-1848.109,-215.66,78.509,-1850.937
-197.442,103.629,-1848.131,-215.732,78.387,-1850.891
-197.419,103.462,-1848.095,-215.78,78.278,-1850.895
-197.384,103.325,-1848.164,-215.805,78.181,-1850.864
-197.311,103.163,-1848.15,-215.818,78.068,-1850.837
-197.258,103.002,-1848.09,-215.844,77.968,-1850.762
-197.248,102.86,-1848.014,-215.876,77.861,-1850.635
-197.231,102.676,-1847.884,-215.936,77.735,-1850.508
-197.199,102.48,-1847.709,-215.972,77.59,-1850.374
-197.09,102.29,-1847.564,-215.94,77.456,-1850.202
-196.946,102.098,-1847.464,-215.885,77.331,-1850.118
-196.788,101.934,-1847.393,-215.805,77.222,-1850.026
-196.63,101.814,-1847.368,-215.723,77.157,-1850.018
-196.463,101.726,-1847.481,-215.621,77.116,-1850.04
-196.294,101.634,-1847.677,-215.527,77.073,-1850.145
-196.113,101.518,-1847.811,-215.431,77.023,-1850.226
-195.988,101.425,-1847.994,-215.363,76.973,-1850.34
-195.858,101.335,-1848.145,-215.301,76.926,-1850.399
-195.758,101.237,-1848.285,-215.275,76.884,-1850.549
-195.683,101.118,-1848.342,-215.275,76.813,-1850.573
-195.6,100.974,-1848.391,-215.259,76.734,-1850.621
-195.482,100.807,-1848.555,-215.236,76.637,-1850.696
-195.321,100.616,-1848.639,-215.165,76.527,-1850.683
-195.153,100.44,-1848.705,-215.093,76.425,-1850.72
-194.933,100.226,-1848.705,-214.992,76.298,-1850.675
-194.726,100.008,-1848.671,-214.892,76.169,-1850.634
-194.585,99.843,-1848.639,-214.825,76.063,-1850.557
-194.49,99.718,-1848.621,-214.768,75.981,-1850.524
-194.355,99.586,-1848.663,-214.7,75.897,-1850.529
-194.211,99.445,-1848.734,-214.624,75.812,-1850.533
-194.127,99.331,-1848.783,-214.591,75.741,-1850.525
-194.079,99.22,-1848.796,-214.597,75.672,-1850.598
-194.044,99.075,-1848.888,-214.623,75.58,-1850.655
-194.036,98.94,-1848.987,-214.677,75.492,-1850.716
-194.009,98.819,-1849.14,-214.71,75.421,-1850.812
-193.995,98.701,-1849.32,-214.764,75.366,-1850.98
-193.996,98.585,-1849.521,-214.829,75.306,-1851.116
-193.98,98.45,-1849.653,-214.89,75.239,-1851.22
-193.976,98.316,-1849.777,-214.951,75.154,-1851.347
-193.961,98.186,-1849.939,-215.003,75.081,-1851.489
-193.914,98.05,-1850.125,-215.026,75.008,-1851.645
-193.871,97.905,-1850.271,-215.043,74.91,-1851.716
-193.767,97.724,-1850.365,-215.02,74.803,-1851.818
-193.59,97.513,-1850.422,-214.929,74.667,-1851.899
-193.367,97.275,-1850.542,-214.796,74.52,-1851.909
-193.056,97.002,-1850.57,-214.596,74.36,-1851.945
-192.662,96.741,-1850.727,-214.343,74.226,-1852.106
-192.312,96.548,-1850.869,-214.102,74.132,-1852.155
-191.976,96.359,-1851.072,-213.881,74.05,-1852.288
-191.612,96.177,-1851.215,-213.626,73.987,-1852.329
-191.236,96.006,-1851.345,-213.362,73.923,-1852.436
-190.838,95.853,-1851.483,-213.084,73.872,-1852.492
-190.438,95.673,-1851.631,-212.795,73.814,-1852.581
-190.098,95.543,-1851.745,-212.539,73.774,-1852.624
-189.77,95.417,-1851.856,-212.293,73.731,-1852.645
-189.474,95.309,-1851.917,-212.051,73.696,-1852.66
-189.165,95.204,-1851.911,-211.815,73.652,-1852.706
-188.885,95.095,-1851.913,-211.586,73.593,-1852.635
-188.649,94.983,-1851.874,-211.392,73.526,-1852.592
-188.493,94.864,-1851.78,-211.266,73.454,-1852.58
-188.297,94.728,-1851.76,-211.133,73.364,-1852.52
-188.046,94.569,-1851.863,-210.934,73.268,-1852.568
-187.745,94.385,-1851.981,-210.708,73.159,-1852.605
-187.469,94.214,-1852.109,-210.503,73.069,-1852.698
-187.264,94.079,-1852.215,-210.355,72.998,-1852.775
-187.069,93.924,-1852.313,-210.237,72.913,-1852.828
-186.863,93.746,-1852.448,-210.099,72.811,-1852.939
-186.652,93.567,-1852.633,-209.961,72.711,-1853.037
-186.423,93.345,-1852.717,-209.804,72.577,-1853.099
-186.186,93.104,-1852.86,-209.66,72.431,-1853.215
-185.974,92.871,-1852.989,-209.53,72.295,-1853.284
-185.84,92.677,-1853.097,-209.45,72.168,-1853.312
-185.767,92.525,-1853.147,-209.408,72.057,-1853.299
-185.71,92.365,-1853.13,-209.39,71.936,-1853.279
-185.611,92.178,-1853.141,-209.341,71.798,-1853.23
-185.512,91.983,-1853.159,-209.284,71.663,-1853.181
-185.393,91.754,-1853.177,-209.222,71.505,-1853.162
-185.251,91.501,-1853.172,-209.15,71.33,-1853.146
-185.008,91.218,-1853.237,-209.003,71.141,-1853.174
-184.687,90.893,-1853.413,-208.764,70.947,-1853.151
-184.355,90.612,-1853.52,-208.527,70.767,-1853.156
-184.067,90.38,-1853.676,-208.319,70.628,-1853.193
-183.814,90.194,-1853.784,-208.111,70.504,-1853.208
-183.707,90.063,-1853.812,-208.02,70.396,-1853.208
-183.672,89.926,-1853.71,-207.996,70.271,-1853.068
-183.684,89.763,-1853.588,-208.01,70.121,-1852.912
-183.632,89.559,-1853.468,-207.999,69.957,-1852.78
-183.586,89.358,-1853.452,-207.973,69.787,-1852.68
-183.489,89.126,-1853.415,-207.923,69.613,-1852.541
-183.46,88.915,-1853.354,-207.917,69.435,-1852.474
-183.418,88.7,-1853.265,-207.917,69.264,-1852.422
-183.391,88.498,-1853.3,-207.921,69.101,-1852.389
-183.322,88.284,-1853.289,-207.901,68.946,-1852.338
-183.303,88.105,-1853.312,-207.905,68.808,-1852.299
-183.279,87.94,-1853.264,-207.915,68.686,-1852.254
-183.23,87.758,-1853.253,-207.905,68.571,-1852.241
-183.175,87.591,-1853.218,-207.903,68.453,-1852.277
-183.081,87.426,-1853.338,-207.869,68.356,-1852.306
-183.012,87.281,-1853.405,-207.846,68.263,-1852.371
-182.969,87.145,-1853.441,-207.838,68.184,-1852.386
-182.929,87.019,-1853.494,-207.835,68.11,-1852.399
-182.864,86.897,-1853.514,-207.812,68.042,-1852.421
-182.794,86.758,-1853.575,-207.781,67.965,-1852.443
-182.729,86.611,-1853.561,-207.772,67.891,-1852.473
-182.653,86.462,-1853.571,-207.744,67.802,-1852.433
-182.553,86.294,-1853.625,-207.703,67.722,-1852.477
-182.452,86.14,-1853.696,-207.652,67.64,-1852.438
-182.472,86.043,-1853.614,-207.706,67.598,-1852.384
-182.508,85.975,-1853.549,-207.762,67.565,-1852.255
-182.488,85.887,-1853.499,-207.788,67.533,-1852.213
-182.42,85.758,-1853.447,-207.773,67.483,-1852.156
-182.308,85.629,-1853.426,-207.721,67.43,-1852.125
-182.197,85.514,-1853.49,-207.668,67.396,-1852.147
-182.093,85.409,-1853.45,-207.615,67.357,-1852.123
-182.014,85.315,-1853.355,-207.581,67.33,-1852.064
-181.9,85.21,-1853.349,-207.52,67.307,-1852.008
-181.663,85.034,-1853.45,-207.378,67.279,-1852.046
-181.417,84.871,-1853.55,-207.23,67.269,-1852.06
-181.197,84.694,-1853.641,-207.09,67.229,-1851.979
-180.977,84.517,-1853.696,-206.963,67.189,-1852.004
-180.777,84.385,-1853.805,-206.82,67.145,-1852.01
-180.618,84.257,-1853.912,-206.701,67.108,-1852.012
-180.499,84.146,-1853.95,-206.629,67.065,-1852.016
-180.438,84.061,-1854.005,-206.597,67.022,-1852.04
-180.369,83.948,-1854.065,-206.562,66.972,-1852.036
-180.301,83.813,-1854.083,-206.528,66.897,-1852.05
-180.236,83.661,-1854.094,-206.504,66.812,-1851.967
-180.194,83.509,-1854.176,-206.497,66.725,-1851.977
-180.152,83.345,-1854.211,-206.499,66.639,-1852.007
-180.135,83.219,-1854.351,-206.507,66.568,-1852.01
-180.119,83.109,-1854.389,-206.516,66.497,-1852.089
-180.101,83.025,-1854.438,-206.516,66.429,-1852.13
-180.122,82.974,-1854.423,-206.536,66.377,-1852.177
-180.172,82.918,-1854.398,-206.598,66.341,-1852.123
-180.235,82.833,-1854.36,-206.679,66.295,-1852.088
-180.228,82.717,-1854.432,-206.712,66.246,-1852.111
-180.218,82.592,-1854.501,-206.739,66.177,-1852.115
-180.18,82.416,-1854.57,-206.741,66.088,-1852.143
-180.121,82.211,-1854.685,-206.73,65.966,-1852.182
-180.053,81.982,-1854.765,-206.705,65.821,-1852.156
-180.018,81.813,-1854.832,-206.695,65.7,-1852.248
-180.052,81.721,-1854.848,-206.722,65.588,-1852.299
-180.098,81.561,-1854.845,-206.78,65.446,-1852.301
-180.13,81.376,-1854.915,-206.845,65.303,-1852.369
-180.171,81.203,-1855.006,-206.906,65.177,-1852.432
-180.227,81.052,-1855.069,-206.97,65.061,-1852.466
-180.233,80.895,-1855.122,-207.002,64.935,-1852.529
-180.165,80.697,-1855.252,-206.971,64.816,-1852.644
-180.078,80.51,-1855.355,-206.93,64.701,-1852.707
-179.999,80.349,-1855.453,-206.884,64.599,-1852.786
-179.842,80.181,-1855.566,-206.766,64.5,-1852.904
-179.614,80.075,-1855.661,-206.568,64.438,-1853.002
-179.444,80.05,-1855.698,-206.395,64.409,-1853.066
-179.26,80.023,-1855.709,-206.217,64.382,-1853.107
-178.961,79.907,-1855.815,-205.945,64.334,-1853.186
-178.571,79.741,-1856.031,-205.606,64.267,-1853.321
-178.155,79.571,-1856.187,-205.244,64.18,-1853.433
-177.757,79.432,-1856.314,-204.88,64.114,-1853.53
-177.348,79.283,-1856.486,-204.521,64.05,-1853.657
-176.963,79.115,-1856.597,-204.178,63.969,-1853.741
-176.589,78.93,-1856.757,-203.856,63.883,-1853.845
-176.221,78.746,-1856.864,-203.534,63.793,-1853.941
-175.875,78.587,-1856.97,-203.223,63.703,-1854.009
-175.567,78.446,-1857.021,-202.951,63.62,-1854.078
-175.274,78.281,-1857.116,-202.691,63.533,-1854.128
-174.987,78.124,-1857.168,-202.442,63.451,-1854.185
-174.743,77.997,-1857.195,-202.221,63.373,-1854.206
-174.468,77.855,-1857.153,-201.976,63.292,-1854.163
-174.146,77.708,-1857.191,-201.695,63.215,-1854.219
-173.849,77.59,-1857.16,-201.431,63.158,-1854.224
-173.574,77.455,-1857.087,-201.192,63.085,-1854.168
-173.304,77.318,-1857.092,-200.966,63.035,-1854.182
-173.032,77.199,-1857.224,-200.729,62.988,-1854.259
-172.746,77.068,-1857.398,-200.483,62.938,-1854.404
-172.441,76.904,-1857.576,-200.218,62.871,-1854.515
-172.167,76.746,-1857.711,-199.988,62.795,-1854.632
-171.961,76.617,-1857.855,-199.811,62.716,-1854.781
-171.838,76.493,-1857.891,-199.713,62.636,-1854.842
-171.773,76.383,-1857.896,-199.66,62.567,-1854.871
-171.745,76.258,-1857.884,-199.655,62.484,-1854.839
-171.718,76.09,-1857.837,-199.652,62.36,-1854.792
-171.684,75.89,-1857.77,-199.647,62.219,-1854.727
-171.651,75.679,-1857.726,-199.641,62.068,-1854.704
-171.637,75.482,-1857.736,-199.655,61.915,-1854.728
-171.588,75.268,-1857.759,-199.64,61.76,-1854.78
-171.501,75.043,-1857.808,-199.586,61.603,-1854.806
-171.416,74.814,-1857.852,-199.526,61.438,-1854.803
-171.324,74.594,-1857.839,-199.473,61.291,-1854.873
-171.246,74.422,-1857.845,-199.414,61.167,-1854.863
-171.157,74.277,-1857.877,-199.352,61.071,-1854.903
-171.055,74.119,-1857.914,-199.27,60.962,-1854.879
-170.906,73.924,-1857.912,-199.151,60.842,-1854.901
-170.705,73.698,-1857.92,-198.995,60.696,-1854.92
-170.506,73.465,-1857.9,-198.839,60.547,-1854.922
-170.311,73.22,-1857.815,-198.677,60.376,-1854.832
-170.12,72.985,-1857.803,-198.519,60.221,-1854.758
-169.931,72.788,-1857.83,-198.355,60.085,-1854.752
-169.713,72.586,-1857.836,-198.171,59.959,-1854.812
-169.495,72.411,-1857.944,-197.987,59.849,-1854.886
-169.307,72.306,-1858,-197.814,59.79,-1854.952
-169.147,72.259,-1858.107,-197.67,59.776,-1855.043
-169.04,72.261,-1858.264,-197.563,59.796,-1855.187
-168.939,72.269,-1858.3,-197.481,59.818,-1855.297
-168.843,72.266,-1858.351,-197.389,59.83,-1855.322
-168.752,72.226,-1858.431,-197.293,59.816,-1855.331
-168.659,72.162,-1858.444,-197.229,59.781,-1855.383
-168.587,72.067,-1858.451,-197.171,59.73,-1855.406
-168.507,71.959,-1858.498,-197.116,59.667,-1855.432
-168.4,71.825,-1858.572,-197.023,59.589,-1855.461
-168.279,71.686,-1858.644,-196.924,59.501,-1855.512
-168.169,71.517,-1858.758,-196.836,59.393,-1855.615
-168.083,71.329,-1858.907,-196.768,59.271,-1855.686
-167.995,71.145,-1858.93,-196.718,59.153,-1855.744
-167.899,70.956,-1859.021,-196.644,59.027,-1855.797
-167.808,70.773,-1859.078,-196.574,58.9,-1855.829
-167.774,70.623,-1859.08,-196.564,58.797,-1855.874
-167.864,70.579,-1859.047,-196.644,58.745,-1855.808
-167.995,70.582,-1858.981,-196.766,58.715,-1855.781
-168.081,70.569,-1858.888,-196.851,58.672,-1855.763
-168.058,70.472,-1858.892,-196.823,58.592,-1855.721
-167.948,70.308,-1858.872,-196.738,58.476,-1855.729
-167.789,70.105,-1858.909,-196.598,58.346,-1855.789
-167.591,69.899,-1858.942,-196.45,58.23,-1855.838
-167.397,69.736,-1859.023,-196.291,58.131,-1855.922
-167.21,69.562,-1859.063,-196.13,58.036,-1855.953
-167.009,69.389,-1859.082,-195.956,57.947,-1855.987
-166.799,69.23,-1859.189,-195.779,57.867,-1856.033
-166.596,69.09,-1859.319,-195.611,57.805,-1856.161
-166.409,68.936,-1859.445,-195.448,57.732,-1856.293
-166.236,68.81,-1859.481,-195.29,57.663,-1856.328
-166.073,68.693,-1859.569,-195.149,57.593,-1856.417
-165.949,68.6,-1859.635,-195.034,57.531,-1856.465
-165.858,68.491,-1859.666,-194.963,57.465,-1856.463
-165.767,68.379,-1859.619,-194.89,57.4,-1856.477
-165.629,68.243,-1859.563,-194.773,57.3,-1856.45
-165.41,68.05,-1859.524,-194.581,57.175,-1856.424
-165.197,67.875,-1859.513,-194.384,57.063,-1856.415
-165.014,67.732,-1859.591,-194.215,56.965,-1856.45
-164.85,67.557,-1859.604,-194.073,56.855,-1856.406
-164.703,67.377,-1859.615,-193.948,56.738,-1856.402
-164.549,67.223,-1859.612,-193.819,56.642,-1856.447
-164.4,67.05,-1859.659,-193.689,56.529,-1856.481
-164.286,66.896,-1859.724,-193.598,56.428,-1856.525
-164.268,66.815,-1859.693,-193.585,56.364,-1856.529
-164.288,66.743,-1859.615,-193.616,56.319,-1856.514
-164.326,66.743,-1859.556,-193.662,56.32,-1856.458
-164.345,66.762,-1859.594,-193.68,56.346,-1856.457
-164.329,66.714,-1859.595,-193.672,56.325,-1856.476
-164.296,66.604,-1859.554,-193.661,56.273,-1856.458
-164.248,66.493,-1859.581,-193.628,56.208,-1856.469
-164.164,66.376,-1859.615,-193.569,56.143,-1856.49
-164.055,66.249,-1859.586,-193.471,56.066,-1856.491
-163.948,66.125,-1859.561,-193.37,55.979,-1856.447
-163.822,65.994,-1859.518,-193.27,55.903,-1856.448
-163.7,65.86,-1859.605,-193.172,55.824,-1856.47
-163.531,65.709,-1859.668,-193.022,55.735,-1856.546
-163.381,65.578,-1859.667,-192.894,55.658,-1856.564
-163.283,65.51,-1859.672,-192.798,55.61,-1856.574
-163.226,65.463,-1859.727,-192.748,55.59,-1856.635
-163.194,65.396,-1859.8,-192.725,55.56,-1856.674
-163.166,65.338,-1859.845,-192.703,55.526,-1856.694
-163.127,65.291,-1859.903,-192.675,55.503,-1856.781
-163.079,65.26,-1859.939,-192.626,55.479,-1856.775
-163.032,65.231,-1860.026,-192.583,55.46,-1856.86
-163.018,65.223,-1860.026,-192.57,55.461,-1856.895
-163.008,65.238,-1860.034,-192.562,55.475,-1856.882
-162.978,65.271,-1860.038,-192.526,55.499,-1856.874
-162.924,65.311,-1859.971,-192.471,55.536,-1856.839
-162.918,65.412,-1859.892,-192.454,55.598,-1856.744
-162.931,65.51,-1859.786,-192.459,55.663,-1856.655
-162.955,65.608,-1859.659,-192.473,55.725,-1856.526
-162.952,65.717,-1859.485,-192.457,55.781,-1856.362
-162.927,65.85,-1859.246,-192.414,55.836,-1856.199
-162.878,65.957,-1859.051,-192.348,55.883,-1856.047
-162.83,66.034,-1858.833,-192.284,55.922,-1855.823
-162.792,66.132,-1858.626,-192.231,55.968,-1855.648
-162.74,66.261,-1858.383,-192.156,56.033,-1855.412
-162.62,66.408,-1858.146,-192.024,56.104,-1855.228
-162.419,66.558,-1857.939,-191.802,56.173,-1855.058
-162.147,66.614,-1857.629,-191.521,56.196,-1854.813
-161.86,66.664,-1857.387,-191.22,56.213,-1854.578
-161.54,66.737,-1857.115,-190.907,56.252,-1854.382
-161.224,66.785,-1856.836,-190.581,56.276,-1854.117
-160.864,66.799,-1856.566,-190.218,56.287,-1853.889
-160.514,66.804,-1856.456,-189.879,56.31,-1853.747
-160.242,66.832,-1856.33,-189.613,56.339,-1853.623
-160.027,66.828,-1856.176,-189.392,56.337,-1853.444
-159.832,66.844,-1855.88,-189.193,56.335,-1853.271
-159.678,66.878,-1855.641,-189.03,56.324,-1853.033
-159.588,66.92,-1855.397,-188.914,56.318,-1852.793
-159.632,67.008,-1855.175,-188.934,56.318,-1852.597
-159.772,67.087,-1854.798,-189.051,56.314,-1852.329
-159.959,67.145,-1854.398,-189.221,56.289,-1851.974
-160.187,67.235,-1854.067,-189.418,56.277,-1851.71
-160.522,67.379,-1853.69,-189.695,56.29,-1851.356
-160.93,67.545,-1853.284,-190.059,56.314,-1851.047
-161.339,67.682,-1852.922,-190.428,56.322,-1850.779
-161.779,67.874,-1852.587,-190.795,56.353,-1850.419
-162.232,68.114,-1852.191,-191.181,56.387,-1850.177
-162.699,68.376,-1851.796,-191.56,56.429,-1849.823
-163.086,68.565,-1851.459,-191.884,56.45,-1849.576
-163.456,68.755,-1851.24,-192.19,56.482,-1849.394
-163.799,68.955,-1851.032,-192.472,56.518,-1849.213
-164.15,69.187,-1850.788,-192.742,56.577,-1849.03
-164.461,69.437,-1850.564,-192.986,56.645,-1848.86
-164.72,69.621,-1850.342,-193.184,56.688,-1848.647
-164.97,69.777,-1850.021,-193.391,56.734,-1848.438
-165.195,69.956,-1849.698,-193.561,56.807,-1848.164
-165.348,70.199,-1849.507,-193.669,56.943,-1848.008
-165.518,70.517,-1849.293,-193.76,57.101,-1847.793
-165.614,70.796,-1848.906,-193.807,57.234,-1847.574
-165.707,71.111,-1848.659,-193.827,57.399,-1847.339
-165.914,71.521,-1848.332,-193.928,57.6,-1847.057
-166.178,71.915,-1847.961,-194.102,57.8,-1846.748
-166.461,72.26,-1847.612,-194.299,57.966,-1846.438
-166.78,72.544,-1847.196,-194.53,58.085,-1846.137
-167.198,72.852,-1846.744,-194.853,58.197,-1845.794
-167.66,73.132,-1846.419,-195.223,58.297,-1845.503
-168.216,73.386,-1846.012,-195.69,58.382,-1845.203
-168.896,73.651,-1845.64,-196.27,58.459,-1844.92
-169.682,73.938,-1845.247,-196.933,58.536,-1844.539
-170.499,74.16,-1844.859,-197.653,58.588,-1844.28
-171.351,74.345,-1844.455,-198.409,58.604,-1843.981
-172.221,74.544,-1844.141,-199.169,58.605,-1843.735
-173.049,74.709,-1843.79,-199.893,58.596,-1843.515
-173.953,74.911,-1843.419,-200.671,58.584,-1843.214
-174.876,75.114,-1843.04,-201.464,58.575,-1842.949
-175.72,75.26,-1842.805,-202.204,58.559,-1842.76
-176.591,75.452,-1842.606,-202.945,58.541,-1842.561
-177.5,75.636,-1842.294,-203.733,58.532,-1842.356
-178.459,75.832,-1841.988,-204.546,58.518,-1842.115
-179.344,75.944,-1841.665,-205.32,58.461,-1841.896
-180.235,76.094,-1841.389,-206.088,58.416,-1841.684
-181.088,76.238,-1841.135,-206.798,58.376,-1841.478
-181.911,76.403,-1840.894,-207.486,58.345,-1841.291
-182.737,76.574,-1840.712,-208.183,58.33,-1841.174
-183.604,76.782,-1840.491,-208.899,58.342,-1841.019
-184.508,77.046,-1840.298,-209.647,58.373,-1840.874
-185.435,77.261,-1840.026,-210.405,58.377,-1840.664
-186.388,77.466,-1839.641,-211.193,58.37,-1840.403
-187.287,77.626,-1839.28,-211.937,58.342,-1840.152
-188.183,77.781,-1838.914,-212.688,58.307,-1839.91
-189.114,77.927,-1838.578,-213.461,58.266,-1839.594
-190.102,78.054,-1838.266,-214.302,58.214,-1839.396
-191.132,78.144,-1837.979,-215.192,58.137,-1839.175
-192.211,78.196,-1837.677,-216.137,58.037,-1838.992
-193.273,78.176,-1837.383,-217.076,57.871,-1838.749
-194.354,78.164,-1837.038,-218.029,57.713,-1838.503
-195.398,78.143,-1836.732,-218.947,57.554,-1838.323
-196.465,78.126,-1836.443,-219.869,57.384,-1838.042
-197.558,78.123,-1836.027,-220.806,57.214,-1837.804
-198.627,78.132,-1835.761,-221.722,57.05,-1837.576
-199.653,78.096,-1835.438,-222.61,56.869,-1837.298
-200.696,78.045,-1835.099,-223.521,56.674,-1837.094
-201.716,77.992,-1834.752,-224.386,56.481,-1836.867
-202.622,77.927,-1834.497,-225.182,56.298,-1836.677
-203.422,77.855,-1834.283,-225.88,56.123,-1836.532
-204.172,77.812,-1834.168,-226.512,55.975,-1836.423
-204.86,77.788,-1834.108,-227.107,55.862,-1836.375
-205.621,77.79,-1833.955,-227.777,55.765,-1836.356
-206.461,77.803,-1833.768,-228.478,55.647,-1836.207
-207.265,77.749,-1833.562,-229.169,55.481,-1836.112
-208.1,77.686,-1833.391,-229.871,55.295,-1835.967
-208.882,77.547,-1833.146,-230.546,55.058,-1835.779
-209.68,77.399,-1832.859,-231.206,54.809,-1835.572
-210.548,77.274,-1832.453,-231.907,54.533,-1835.282
-211.447,77.118,-1832.088,-232.638,54.243,-1834.932
-212.345,76.99,-1831.776,-233.379,53.972,-1834.702
-213.28,76.848,-1831.472,-234.156,53.709,-1834.46
-214.324,76.751,-1831.184,-235.024,53.454,-1834.266
-215.234,76.572,-1830.887,-235.81,53.179,-1834.057
-216.102,76.368,-1830.65,-236.588,52.897,-1833.919
-217.068,76.208,-1830.417,-237.421,52.622,-1833.786
-217.957,76.01,-1830.203,-238.187,52.335,-1833.599
-218.888,75.826,-1830.003,-238.986,52.057,-1833.494
-219.802,75.647,-1829.82,-239.785,51.785,-1833.37
-220.832,75.481,-1829.618,-240.631,51.492,-1833.171
-221.875,75.297,-1829.329,-241.514,51.192,-1833.011
-222.956,75.128,-1829.153,-242.442,50.885,-1832.876
-224.036,74.881,-1828.885,-243.385,50.536,-1832.71
-225.174,74.571,-1828.628,-244.385,50.134,-1832.51
-226.336,74.272,-1828.381,-245.4,49.742,-1832.354
-227.458,73.963,-1828.138,-246.41,49.348,-1832.162
-228.661,73.705,-1827.918,-247.466,48.982,-1832.048
-229.774,73.459,-1827.732,-248.424,48.636,-1831.921
-230.735,73.281,-1827.594,-249.234,48.354,-1831.858
-231.558,73.155,-1827.413,-249.891,48.126,-1831.71
-232.309,73.097,-1827.229,-250.483,47.957,-1831.552
