x1,y1,z1,x2,y2,z2
-243.601,136.317,-1990.497,-249.072,165.862,-1981.148
-243.73710119071026,136.3019080280637,-1990.4477320316817,-249.25579266459408,165.84186952818743,-1981.1184276636611
-243.87669646245124,136.35375541253495,-1990.5004159818955,-249.456112763089,165.88507455532138,-1981.1818699064788
-244.16196469367685,136.40831311880248,-1990.6149839728441,-249.85930914463356,165.92091183298214,-1981.3122048597186
-244.71286168774373,136.406430937325,-1990.7541520905202,-250.62154018455473,165.88458722339283,-1981.483242467604
-245.39099999999996,136.348,-1990.9129999999998,-251.548,165.78,-1981.6679999999997
-245.97727463637858,136.2652944883048,-1991.1051115836065,-252.33148155104806,165.65076277239282,-1981.8569678490198
-246.59130850788335,136.16856968007778,-1991.3350806064852,-253.11437043651694,165.52271839673216,-1982.1116061329492
-247.2997040908643,136.07310053508562,-1991.6149612491797,-253.98849134685588,165.4117996828215,-1982.4537684529405
-247.96083134700302,136.0079119307541,-1991.9638634060973,-254.7982156338455,165.3253664128123,-1982.8196047690785
-248.498,135.97,-1992.3069999999998,-255.455,165.266,-1983.1789999999999
-248.90452171760288,135.93748258008674,-1992.5499296207634,-255.948742680907,165.22997030738506,-1983.523228187305
-249.2389651276144,135.89911722341978,-1992.7633124808474,-256.354080538029,165.19893681460556,-1983.823331180157
-249.56151858138372,135.85636305674615,-1993.0021910698213,-256.7529248188631,165.1612966603003,-1984.0834355873835
-249.90711626810244,135.82515666346535,-1993.2396227924344,-257.20041485548484,165.12244731036918,-1984.3664135403374
-250.27699999999996,135.81099999999998,-1993.522,-257.686,165.099,-1984.731
-250.67438804827435,135.8062833471872,-1993.9147321367159,-258.19355504179026,165.09974924358622,-1985.2093824111419
-251.1911688561688,135.78127870209389,-1994.3517983894687,-258.84764158598136,165.07723924377905,-1985.7517324988773
-251.89114567718457,135.70603651411523,-1994.771655120143,-259.7408180722654,164.98566198156303,-1986.3104210031458
-252.75063471167155,135.5638375690483,-1995.1761753873325,-260.8479958809434,164.80945344799022,-1986.8748751333953
-253.63299999999998,135.397,-1995.63,-261.986,164.60199999999998,-1987.4580000000003
-254.40853977213186,135.25617536618086,-1996.1825352700228,-262.9772911460025,164.42389302613284,-1988.0644304333346
-255.24515035160925,135.07659026769957,-1996.6762272667804,-264.04579699094165,164.19423850888484,-1988.6142828782226
-256.20061020501817,134.83289820926248,-1997.0428066827433,-265.26717542333375,163.8847042984226,-1989.0719282490302
-257.0599747249743,134.6009617460217,-1997.4195130662638,-266.3513273354542,163.59686939413723,-1989.4990955230833
-257.75699999999995,134.404,-1997.7970000000003,-267.229,163.36000000000004,-1989.914
-258.32440780086836,134.2331576114072,-1998.0851538220916,-267.9660733660777,163.15749339750613,-1990.2925230554617
-258.74659686015065,134.10946737753068,-1998.2960557379588,-268.5180588850543,163.00478229421157,-1990.5767018335582
-259.08785966187435,134.0226966042359,-1998.4663253772117,-268.95215591438296,162.88709050046268,-1990.7689260472775
-259.5380875896645,133.90823163782326,-1998.6326091669503,-269.5286066754422,162.73632205687372,-1990.975221666286
-260.087,133.76800000000003,-1998.8580000000002,-270.23800000000006,162.555,-1991.2730000000001
-260.6082145827171,133.6434448406466,-1999.1827779812227,-270.91352581796036,162.38828230355043,-1991.6709146826809
-261.05882092055856,133.54871410070672,-1999.489498359371,-271.50198898623506,162.25597819211677,-1992.0028457767837
-261.51595937751927,133.43311037047235,-1999.7402097022791,-272.10310902875875,162.10101367751977,-1992.2437732925703
-262.1812306124732,133.1747610871701,-2000.0702982523244,-272.97226154155646,161.77919964843105,-1992.632073830066
-262.9320000000001,132.86300000000003,-2000.4930000000002,-273.95200000000006,161.39700000000002,-1993.151
-263.52683389784477,132.66401467497099,-2000.9295351543474,-274.73608809998507,161.14873081787331,-1993.6328894451444
-264.11400327080463,132.49037538572122,-2001.2892535747503,-275.523521830723,160.91387171571697,-1994.026053773723
-264.80388470712955,132.28882813120458,-2001.5586661043144,-276.45596659016365,160.61855826851118,-1994.3350067390888
-265.5028885617331,132.14923182932938,-2001.8397937121792,-277.39992116362083,160.3738242247108,-1994.6054031702647
-266.193,132.062,-2002.145,-278.342,160.176,-1994.886
-266.9188067293566,131.9647680608616,-2002.4416979927278,-279.35488498281825,159.95784316703794,-1995.2159861698299
-267.73360099760015,131.87286984178937,-2002.7744997536292,-280.48283581616704,159.73532459060235,-1995.5970859896331
-268.65600385174577,131.7896028068908,-2003.1566888733796,-281.7373482827296,159.5068843598992,-1996.0023082748105
-269.64739617740986,131.6729117877022,-2003.5243967143513,-283.08902995016115,159.21682866660825,-1996.3770333161754
-270.661,131.524,-2003.8310000000001,-284.4870000000001,158.87500000000003,-1996.6930000000002
-271.65313617561236,131.37343016022777,-2004.0532012238136,-285.8756527934688,158.52708849615618,-1996.9319497237157
-272.60140885399267,131.24660084123383,-2004.1994952365515,-287.2274077285949,158.18031357296425,-1997.0425067653853
-273.51937100209386,131.1374179104754,-2004.3054564799727,-288.54541070789764,157.82443101673243,-1997.0408109707814
-274.4628382129543,130.99532321015744,-2004.4344411415725,-289.8654734280013,157.4380691116629,-1997.0556083886368
-275.429,130.793,-2004.628,-291.178,157.008,-1997.162
-276.3918961388014,130.5231676072955,-2004.9035103689766,-292.46228175680164,156.52620303284255,-1997.380812196967
-277.393602594785,130.18872641405275,-2005.2448759457177,-293.7772422968972,155.98232161525786,-1997.6808662103683
-278.45972003937476,129.80178584838853,-2005.662206168041,-295.156774906594,155.38919077001515,-1998.0853372445588
-279.5642647489674,129.38534528411301,-2006.2111519238738,-296.56683179377194,154.7929215269203,-1998.7045304747298
-280.686,128.968,-2006.8569999999997,-297.99299999999994,154.199,-1999.4549999999997
-281.8089366067138,128.5737422604056,-2007.5274035894063,-299.43295185284614,153.5969057960312,-2000.1940960340098
-282.9145842171916,128.19584962802276,-2008.2431315861252,-300.8666248327513,153.0239704336265,-2001.0605782954583
-284.0009789504186,127.80557397332127,-2009.0216067818865,-302.2629421492117,152.48700094248056,-2002.0961243121674
-285.08153884073823,127.36294601596539,-2009.8370988169586,-303.5755212958536,151.93780348847972,-2003.099078925398
-286.04,126.95500000000001,-2010.645,-304.697,151.45400000000004,-2004.0560000000003
-286.7273603120727,126.69597085161254,-2011.369758981873,-305.5138058951952,151.1514155735321,-2005.0247140344975
-287.2024821112506,126.47845292876232,-2011.8544095757438,-306.0421384000347,150.96122383616512,-2005.810822425794
-287.5549505388556,126.19152753890488,-2012.1066731738397,-306.3392413343972,150.79967222099555,-2006.4064785227108
-287.8402275326403,125.80994188568599,-2012.40522959425,-306.47758082183856,150.63311307213422,-2007.1675574045382
-288.105,125.36600000000001,-2012.8559999999998,-306.555,150.443,-2008.1849999999995
-288.39687116550505,124.91336545574077,-2013.415857353171,-306.68735759699956,150.20969238029963,-2009.325262172111
-288.78098599777474,124.46151007633634,-2013.9547464751881,-306.99817036544584,149.88251008578868,-2010.3275995632448
-289.25263302908877,124.0271620036253,-2014.4192521784403,-307.487796462132,149.47924356575135,-2011.1276885068614
-289.7030134619633,123.6517719283626,-2014.901098282032,-307.9791159685399,149.12437276054214,-2011.9868800386014
-290.14700000000005,123.33299999999998,-2015.422,-308.47700000000003,148.813,-2012.8680000000002
-290.6610430816634,123.03307344986581,-2015.9950106532008,-309.0765350608233,148.4691646508845,-2013.664173015705
-291.2246140044636,122.69145510174627,-2016.8078377144789,-309.7232345967776,148.0907717028234,-2014.8270242854821
-291.7975639485243,122.2471362725783,-2017.8364295472659,-310.34119063473725,147.65818235993274,-2016.463295120486
-292.34656044526906,121.65409383945777,-2018.6897477400892,-310.8777408140866,147.10546337967398,-2017.9705525881825
-292.8279999999999,120.949,-2019.302,-311.254,146.48199999999997,-2019.2199999999998
-293.195192587996,120.22908715123506,-2019.82228468038,-311.4129872401838,145.89785777370443,-2020.403909011221
-293.4178537701156,119.62172863285673,-2020.3344043719012,-311.4574066021158,145.39660136739462,-2021.6126815916873
-293.5081536476462,119.18184782230311,-2020.8423393637504,-311.4701545315348,144.98415371774718,-2022.7943812278852
-293.53387538404706,118.84361241983339,-2021.2659312333606,-311.4417536989597,144.6362274964127,-2023.7463613759348
-293.52099999999996,118.57,-2021.6699999999998,-311.363,144.349,-2024.587
-293.47325434254407,118.34613068591224,-2022.1604899670338,-311.2424724496251,144.12335111648505,-2025.55292640081
-293.42546994952494,118.14465598970452,-2022.6154309466585,-311.13783809320296,143.9197971926567,-2026.4908689467898
-293.3909663738731,117.96161696765952,-2022.9560675377172,-311.07335772545196,143.7208643172136,-2027.2571850294967
-293.33734358428103,117.83004432920468,-2023.2572761251506,-311.0014268400059,143.5564828068649,-2027.8804878632138
-293.229,117.735,-2023.573,-310.85900000000004,143.43,-2028.4519999999998
-293.06203759970987,117.62211718132625,-2023.9307730338367,-310.62446137930476,143.3057801690703,-2029.0862701466224
-292.95557285458705,117.41307190250761,-2024.3404504018597,-310.46328455132874,143.0734486144569,-2029.865413175236
-292.94557091095294,117.10291785940069,-2024.7804446749433,-310.4323317449563,142.71223778714332,-2030.7435972382686
-292.90041023333185,116.80225846152138,-2025.192942258795,-310.3589786207256,142.3600585466089,-2031.5087977369133
-292.786,116.54199999999999,-2025.5859999999998,-310.19399999999996,142.056,-2032.167
-292.65374247253754,116.29840788512213,-2025.983584273443,-310.0088158265289,141.76536009185827,-2032.8294259747938
-292.6058136119457,116.06146107989966,-2026.296420156632,-309.9842612377021,141.45009885558161,-2033.427669940918
-292.6753542565725,115.83691834350562,-2026.5101373652376,-310.1746555368204,141.10942675133353,-2033.9002545805345
-292.775772282463,115.64701167168344,-2026.7621344175059,-310.40915688226,140.79592076947074,-2034.274965817284
-292.891,115.48800000000001,-2027.0970000000002,-310.65599999999995,140.50400000000002,-2034.675
-293.0403458283322,115.34244879232082,-2027.4931247470888,-310.95095564118856,140.20713505429856,-2035.2131951640795
-293.176519324236,115.20871194270887,-2027.9378214532592,-311.1919310881598,139.95616289529872,-2035.7365658970405
-293.3043277472725,115.06812827830619,-2028.3984523326747,-311.3743003403808,139.74381914351198,-2036.189868573929
-293.5217350785947,114.87729461093839,-2028.8109880308893,-311.6768315017517,139.45750144091238,-2036.747107764302
-293.77099999999996,114.683,-2029.15,-312.033,139.15399999999997,-2037.294
-293.92652245418685,114.56632691419314,-2029.4199928779208,-312.2604108316654,138.96522508461496,-2037.603825493061
-294.01388552778246,114.50743789923779,-2029.6373202738857,-312.3876581779888,138.8627985888838,-2037.795103412981
-294.0217388852559,114.51653118457207,-2029.764245335681,-312.41023076337564,138.85292978604232,-2037.9262195751435
-293.8403236306099,114.67667655952025,-2029.6888159762507,-312.2095730266507,139.04159630308453,-2037.8427184390048
-293.56600000000003,114.921,-2029.4590000000003,-311.896,139.34500000000003,-2037.5610000000001
-293.36850255395314,115.11759166963712,-2029.195293601035,-311.6497051122119,139.60532054572312,-2037.2028151967477
-293.15721723107663,115.27846129692598,-2028.8791083047001,-311.315483656424,139.88075048274413,-2036.8219526279638
-292.878866219424,115.42938612394558,-2028.538566211924,-310.83557996408564,140.19695198228737,-2036.478017518622
-292.6307721296952,115.56279629400973,-2028.3156852040804,-310.41726711241176,140.454266798692,-2036.2568854074711
-292.41100000000006,115.69,-2028.205,-310.081,140.66,-2036.1309999999999
-292.1615927402476,115.8365622646768,-2028.1105878682488,-309.73490733331306,140.8857625377834,-2036.009240276046
-291.89093045623343,116.0282946606117,-2027.9823758817133,-309.380423687959,141.15516030842306,-2035.846319932903
-291.61842570469554,116.2624703702583,-2027.8103836442792,-309.03709910417103,141.4565031350156,-2035.6423094565266
-291.3505816252442,116.49605215197414,-2027.630545411571,-308.7094491279358,141.7467461649322,-2035.4505203724943
-291.0489999999999,116.73,-2027.5059999999999,-308.33099999999996,142.031,-2035.3399999999997
-290.66549095317384,116.99150656716954,-2027.4860652500338,-307.82747355551015,142.3415154895405,-2035.3616264488544
-290.2249990447835,117.29047235126409,-2027.5047778462013,-307.27170056970306,142.68842547925522,-2035.4638188610768
-289.70659713640936,117.67213862262325,-2027.4798922855568,-306.6468106190231,143.13481299690235,-2035.5156427420034
-289.0027193576055,118.23212380333467,-2027.3506653942209,-305.76177823492947,143.8186046248341,-2035.31966322283
-288.153,118.93699999999998,-2027.08,-304.676,144.695,-2034.87
-287.27098169471196,119.68180824250756,-2026.6442271299932,-303.57676378015907,145.6191360061111,-2034.2598003835406
-286.3648312150264,120.42154307365719,-2026.0180961158421,-302.47477068748617,146.5366427703062,-2033.4686752911157
-285.37981120201744,121.1714012533319,-2025.2438575067704,-301.2755247066291,147.47521302606285,-2032.5135319593012
-284.23153177926986,121.99882207462196,-2024.4594060889556,-299.82956265572994,148.53070134369247,-2031.5080720403346
-283.14,122.773,-2023.694,-298.432,149.533,-2030.502
-282.36166092180696,123.33596082243743,-2022.923579990337,-297.44482587621815,150.27141219268387,-2029.506913607045
-281.51149777384614,123.9413358185626,-2022.2120321300445,-296.34472768101887,151.0705024648237,-2028.5683540009138
-280.49078035868376,124.67010820411858,-2021.5647493623894,-295.0121606362656,152.0217576478278,-2027.6880073743407
-279.83125212036265,125.21084031632348,-2020.8716899800943,-294.2082996671143,152.69606150315727,-2026.7887586797706
-279.357,125.64899999999999,-2020.132,-293.684,153.21500000000003,-2025.821
-278.5970423713291,126.22814099074756,-2019.4070933725118,-292.7586026564964,153.92622197432954,-2024.7840200501353
-277.8671405449754,126.71314636108849,-2018.6992811218668,-291.83016589953775,154.5448610588624,-2023.7832366613834
-277.3497941464297,126.98658013250243,-2018.0093276489997,-291.1425462075633,154.92355728689296,-2022.909284575
-276.73983796187684,127.2820974765571,-2017.354658946149,-290.3145746543308,155.35091649213112,-2022.1749886116306
-276.02599999999995,127.63100000000001,-2016.7029999999997,-289.365,155.845,-2021.4289999999999
-275.3514717690782,127.95115565868974,-2015.9971806390427,-288.5058439859684,156.28189314217988,-2020.4781397859103
-274.60991388742804,128.30762140483662,-2015.2129335328823,-287.5511015430162,156.76552247433193,-2019.3687316071496
-273.7589240269722,128.73279690575697,-2014.339988889633,-286.42258057044364,157.34982343374045,-2018.1535627256844
-272.9418938620411,129.15715490270767,-2013.3727648201661,-285.3493623076901,157.93077690602462,-2016.7944735154376
-272.17699999999996,129.585,-2012.2589999999996,-284.387,158.504,-2015.163
-271.4236096366058,130.03570875738762,-2010.9916973972813,-283.4880300731494,159.09166263231594,-2013.2255430825294
-270.7694813087665,130.37736458740702,-2009.8630391682386,-282.7089058636197,159.53185827587635,-2011.5341837668195
-270.21905245101664,130.5758767681367,-2009.014426090094,-282.0296721293682,159.78689615860367,-2010.3498696894198
-269.6139532119799,130.7923675826443,-2008.2491064052203,-281.2876093457838,160.06454039458814,-2009.2828765856252
-268.98299999999995,131.017,-2007.493,-280.509,160.363,-2008.2419999999997
-268.43253912742085,131.163628957154,-2006.7620667023252,-279.80043221026637,160.57950597739102,-2007.3123959225577
-267.85954605671554,131.32582004999966,-2006.0391817187133,-279.0698815487649,160.8034791801001,-2006.3681685182546
-267.19198052016435,131.57349115113283,-2005.2788224254768,-278.2525807024132,161.10650431886916,-2005.307557424489
-266.4872351150036,131.86925079978855,-2004.4190381083617,-277.4030877115529,161.45613057539217,-2004.1538720320361
-265.801,132.169,-2003.5610000000001,-276.572,161.805,-2002.9860000000003
-265.15730773751443,132.4345694706048,-2002.8346420818025,-275.7795029929992,162.10953054335155,-2001.8725089444704
-264.4872437420258,132.64552881261247,-2002.0617114586767,-274.96113360060536,162.35716035891994,-2000.726277283946
-263.7255205004385,132.81892737295897,-2001.1508877851127,-274.0414513451493,162.57246326020166,-1999.5186002371688
-262.85964480783207,133.01529482835235,-2000.251223959967,-272.9771976534635,162.81700568502026,-1998.358777748523
-262.009,133.207,-1999.353,-271.917,163.055,-1997.21
-261.3034105218284,133.34051057139712,-1998.3821290439728,-271.03724415377536,163.22400176833003,-1995.985650964997
-260.5874113579429,133.49508169415301,-1997.4693664301053,-270.1392192197594,163.41350215606448,-1994.8069487165753
-259.79060145703465,133.6911254550006,-1996.6599887486614,-269.1393813498256,163.64784615064562,-1993.7302542427599
-259.06894687773223,133.81869812588818,-1995.7984279733587,-268.2545863083454,163.8047818035528,-1992.6346450448004
-258.395,133.91,-1994.8579999999997,-267.432,163.91499999999996,-1991.444
-257.6675531274049,134.06676081674468,-1993.8831116315953,-266.52250501068005,164.08020950348742,-1990.1184248756915
-257.01314964494367,134.27182309142995,-1992.8252101758653,-265.7528829719072,164.25801552572733,-1988.6089974541449
-256.46697973376104,134.4805889670118,-1991.677521284514,-265.1990224639228,164.39648890622794,-1986.9564511393464
-255.84661355009197,134.65400262546262,-1990.5301774253799,-264.572498312579,164.4869085302332,-1985.333023921883
-255.11299999999997,134.769,-1989.425,-263.76199999999994,164.539,-1983.7859999999998
-254.32453885311426,134.81893495788032,-1988.3425781130818,-262.80463929086574,164.56425605032445,-1982.2674954990446
-253.50917510498334,134.82287755148968,-1987.1680564248875,-261.7900262410644,164.54403450611397,-1980.704231667894
-252.65236438738816,134.81904826038567,-1985.9315124566117,-260.73105052619036,164.50786672549927,-1979.1649985112401
-251.70290851748294,134.86181335005628,-1984.891129906873,-259.5300054375465,164.55871862431982,-1977.9018310172933
-250.802,134.964,-1983.928,-258.4069999999999,164.652,-1976.6379999999997
-250.11789851065342,135.10595737347887,-1982.749162488151,-257.64517186430106,164.6730918796415,-1974.9017531739853
-249.423984895925,135.2491442311075,-1981.3930397300142,-256.9360564927471,164.62546215634717,-1972.8512998153763
-248.58111212205714,135.34318149293324,-1980.010326971692,-256.0468061741779,164.53156936780977,-1970.818482276165
-247.73145554079483,135.3326871716113,-1978.7731794172453,-255.08939493500128,164.39489900513487,-1969.1149391788547
-246.934,135.234,-1977.594,-254.154,164.19500000000002,-1967.5539999999999
-246.17426659290822,135.10092162121992,-1976.2848445030793,-253.27731976547648,163.91284620831578,-1965.7562594537358
-245.42185830691537,134.95005443092248,-1974.9310056143981,-252.41612413608402,163.5915813638335,-1963.8527619325644
-244.6365972656415,134.7736821070859,-1973.5275170154273,-251.55258041655935,163.21363814839478,-1961.8490191281742
-243.77393936118838,134.5445817261577,-1971.8517883963939,-250.7327539423868,162.65808510866785,-1959.403243682272
-242.848,134.275,-1970.0119999999997,-249.933,161.973,-1956.707
-241.90694265812016,133.9897023230859,-1968.2847873517057,-249.0895843309249,161.29445728793607,-1954.2245632317815
-240.98277514447668,133.65751336092558,-1966.715292321286,-248.17476843088653,160.64944292430937,-1952.0513756912862
-240.13299806458576,133.26410093860184,-1965.2620442261164,-247.2680121647385,160.00843091566287,-1950.1023470587895
-239.44382567741133,132.84469506819016,-1963.8493599703095,-246.5679760608875,159.31099534413875,-1948.1805573430138
-238.802,132.45500000000004,-1962.5029999999997,-245.899,158.654,-1946.348
-238.05473918484182,132.12290957831286,-1961.2772052082073,-244.9873110264261,158.15852681900788,-1944.7630364936147
-237.41071418029753,131.72515480094842,-1960.071553678744,-244.15774145781518,157.63116257207645,-1943.2761021205376
-236.97290337590033,131.2230850856188,-1958.8469032265416,-243.60940301704005,156.96345823713665,-1941.770333814784
-236.5509174134239,130.75538672795554,-1957.7111891475229,-243.1252588914648,156.2891809961168,-1940.2975824810158
-236.075,130.32299999999998,-1956.6819999999998,-242.61499999999995,155.61199999999997,-1938.8879999999997
-235.55426773010407,129.86533560464687,-1955.7322698215296,-242.0671622949187,154.8842201236544,-1937.5601151002552
-234.9378554800502,129.4708449897547,-1954.9217083840335,-241.3686837627227,154.24151132771473,-1936.3783860407348
-234.29029838859717,129.2078266092202,-1954.2558359937277,-240.60822294918057,153.74909275323262,-1935.3392225724397
-233.85297282454837,129.04595507812095,-1953.624516358518,-240.18554558294264,153.286008857788,-1934.3121616441747
-233.57400000000004,128.847,-1952.9409999999998,-240.03,152.663,-1933.122
-233.26389884974915,128.46415898005066,-1952.158300072273,-239.84192963780276,151.73357875096627,-1931.6512102931222
-232.97938485709628,127.97226573180812,-1951.3017783515331,-239.68949488060542,150.65612038675985,-1930.098623761255
-232.71815641704833,127.41325123493051,-1950.3912570996454,-239.53185162557241,149.5694465947692,-1928.6273324183662
-232.31191171006077,126.70715720975508,-1949.414736209546,-239.0548107955172,148.47194239890547,-1927.2253880219007
-231.843,125.94800000000001,-1948.4130000000002,-238.39999999999998,147.452,-1925.91
-231.48799208294233,125.33245343272101,-1947.4917584202667,-237.90589653933745,146.64810082610134,-1924.7536696573943
-231.11706795094625,124.9881769562231,-1946.8698493362435,-237.45986244579706,146.1334365607743,-1923.9333383739984
-230.68095192489216,124.90146917439328,-1946.6254028247306,-236.98433252105477,145.88475631877003,-1923.5173316725202
-230.35745025229383,124.87303001461474,-1946.5716007451026,-236.6201250501625,145.74893039912897,-1923.3522052170047
-230.129,124.76599999999999,-1946.474,-236.36799999999997,145.497,-1923.124
-229.860984837249,124.5467345184566,-1946.1737580738516,-236.1268423166494,144.9766182917632,-1922.5708315223683
-229.5076416936982,124.38846854459094,-1945.875296163794,-235.80060993794626,144.50438645297723,-1922.0007407908156
-229.08614348855835,124.33773569661841,-1945.6687160143713,-235.37370527958,144.22157682918868,-1921.5920606105894
-228.66835517065837,124.19008203027823,-1945.3519530451024,-234.93983059603008,143.85467684638883,-1921.1292846938388
-228.24100000000004,124.024,-1945.012,-234.449,143.566,-1920.714
-227.74896438010762,124.02678360753433,-1944.8395177394289,-233.78551899489315,143.68382800221224,-1920.56839517943
-227.2005079767468,124.03577872504825,-1944.6305821464625,-232.9652687810011,143.9830438844094,-1920.4921485036
-226.50668267007515,123.99759460145063,-1944.3324924279768,-231.92102494078853,144.30699256341867,-1920.4034285768369
-225.4396648734734,124.13912041091882,-1944.2538889095852,-230.44396395627513,144.80025758865204,-1920.54303070339
-224.19200000000006,124.39700000000002,-1944.4010000000003,-228.77,145.372,-1920.8600000000001
-223.1165713971576,124.5669178897582,-1944.609047475837,-227.28788994890746,145.83823759319935,-1921.1826991472758
-222.0903355154699,124.69390175290138,-1944.8920802201624,-225.81787744999795,146.31695555773456,-1921.6807530219799
-220.99004566753626,124.84424102794978,-1945.2749897308329,-224.2220937994201,146.8786258730412,-1922.4177173938858
-219.87088740872574,125.01554460194367,-1945.7290716564758,-222.62842767766347,147.41569654370622,-1923.1846707298869
-218.70799999999997,125.16,-1946.2270000000003,-220.92699999999996,147.97299999999998,-1924.058
-217.4710589676988,125.20880612503967,-1946.7309335170585,-218.95649166191734,148.62973715142388,-1925.2006971622375
-216.35102921882006,125.11326612407977,-1947.1482704051052,-217.01988781910276,149.17185111339415,-1926.3279663534481
-215.3650786180374,124.9347759451614,-1947.5403375687065,-215.2551534893633,149.51751803844044,-1927.3502349411042
-214.21320587278615,124.86993628800916,-1948.1877769536509,-213.39843680522426,149.8762821386227,-1928.606243342471
-213.02799999999996,124.80200000000002,-1948.9100000000003,-211.57600000000002,150.14500000000004,-1929.8820000000003
-212.10811428250594,124.51264360817801,-1949.3320256371164,-210.06815963138934,150.1086625327587,-1930.7200644163763
-211.22830510588776,124.21577179495031,-1949.543602714374,-208.67366795665697,149.9769145457705,-1931.215444598723
-210.17942619452074,124.06381782365762,-1949.710512696441,-207.1733327536901,149.9267081280542,-1931.5910176686855
-208.98490320639112,123.95648042158051,-1949.9362707536832,-205.51725845067355,149.9306402479147,-1932.0569314616207
-207.7079999999999,123.916,-1950.3450000000003,-203.76299999999992,150.096,-1932.8879999999997
-206.4331423419931,124.00375024970387,-1951.020477352883,-202.0276555058363,150.532635145126,-1934.270145186207
-205.2772012750184,124.06561653850342,-1951.8176124474408,-200.42564243473677,150.96860850654005,-1935.863930512952
-204.31394326688286,123.9848012246419,-1952.518498216374,-199.04875931875017,151.16864330274234,-1937.2264302872568
-203.52181139487382,123.79457778980384,-1952.9139438548168,-197.92965175974916,151.1198809698116,-1938.012864653229
-202.69,123.62799999999999,-1953.175,-196.80299999999997,151.015,-1938.516
-201.60573193385233,123.5955034072194,-1953.6273600129502,-195.348282065123,151.06763792068904,-1939.3009619008212
-200.51382059315972,123.4951922028724,-1954.2330380187072,-193.7802774370328,151.09540311414545,-1940.3927367277663
-199.5786919275721,123.22937449496446,-1954.8784120521073,-192.31915067130214,150.9804001293464,-1941.6320793939713
-198.66629626017175,122.9706745086211,-1955.4788647958503,-190.97237804237275,150.847685321883,-1942.7948185704888
-197.68,122.756,-1955.9940000000001,-189.59600000000003,150.70100000000002,-1943.755
-196.63238909768864,122.53452857488735,-1956.402305973715,-188.09268510776946,150.48560097904277,-1944.4811639710963
-195.80453588067604,122.31568491213163,-1956.6522425797766,-186.88821083955622,150.2795975578967,-1945.0520796432122
-195.24302849936757,122.09974903720676,-1956.8318830740454,-186.054925773541,150.11050197124607,-1945.633521226248
-194.56999107619362,121.85908376189889,-1957.2164867609647,-184.989258036868,149.89073829227155,-1946.437385681362
-193.88699999999997,121.684,-1957.6129999999998,-183.933,149.707,-1947.1389999999997
-193.46465898633832,121.6494346986384,-1957.6990093538689,-183.39140433086482,149.6595431690881,-1947.3349116021927
-192.92041761168673,121.46167236628246,-1957.881939832916,-182.597430906045,149.4311398752255,-1947.6954178252097
-192.10120210531434,120.99947557028295,-1958.3408760975167,-181.24587710456413,148.90380136585546,-1948.5267208411356
-191.42633577775885,120.53578587263509,-1958.6576076339632,-180.16921204049046,148.4087874799933,-1949.2112939986755
-190.89000000000001,120.16700000000002,-1958.872,-179.37400000000002,148.038,-1949.7800000000002
-190.23935161271848,119.85436309591596,-1959.2493676250958,-178.39356168725888,147.7096822283756,-1950.573704714874
-189.4634443116148,119.56446404118185,-1959.639094108601,-177.26151804610365,147.36874493037757,-1951.2921294458874
-188.72064602428767,119.33016930808026,-1959.861791855085,-176.234048789124,147.05937100426968,-1951.6688990347138
-188.2929004803448,119.26967486107634,-1959.8791322729523,-175.65855585762648,146.94815274807692,-1951.759630387503
-187.967,119.33699999999999,-1959.917,-175.23699999999997,146.975,-1951.8399999999997
-187.38556915230026,119.4114763137315,-1960.2375541411616,-174.4974519316728,146.98648495537887,-1952.1873152243554
-186.91802218434333,119.51695749226126,-1960.5992625198228,-173.95506269656607,147.06813174514224,-1952.590690988648
-186.75634063172612,119.66652040954389,-1960.864411438078,-173.85035386098778,147.25517841212272,-1952.9148893537563
-186.56654324431236,119.80572135139448,-1961.2283621725066,-173.664787362932,147.42362962000584,-1953.3162698511544
-186.37500000000003,119.946,-1961.62,-173.45200000000003,147.58599999999998,-1953.7810000000004
-186.3853724676674,120.12526059004423,-1961.8505770344839,-173.53906586575255,147.81721209192273,-1954.19165561862
-186.4631301025322,120.30301836123171,-1962.0234068606062,-173.701453732462,148.05484432222653,-1954.5217471444244
-186.55231312595564,120.50061739563687,-1962.2256213648798,-173.87903843951463,148.3163915653499,-1954.7514865699843
-186.83512281541533,120.85122286641071,-1962.4038667567042,-174.44607726991066,148.77705101162093,-1954.8352813524782
-187.313,121.32200000000003,-1962.4880000000003,-175.36600000000007,149.38600000000002,-1954.7250000000001
-187.8666225289958,121.79004500396744,-1962.4410560656784,-176.35359504919435,149.97099826463847,-1954.4170966074216
-188.41624448398008,122.22717572369098,-1962.369380728662,-177.29139921541002,150.49494749907797,-1954.085081501305
-188.98746481858115,122.64796701733992,-1962.3206775881706,-178.21967128425283,150.98583618968266,-1953.8205050070653
-189.73359035408885,123.08435359524931,-1962.2060784788725,-179.32894660171615,151.50366177570783,-1953.528427819978
-190.588,123.43599999999998,-1962.0459999999998,-180.49899999999997,151.92999999999998,-1953.213
-191.38219202455102,123.59719120365013,-1961.9296115502405,-181.49675157614388,152.12828614687854,-1952.9507127954541
-192.1383567305035,123.78393200683884,-1961.9069152489615,-182.47429106621811,152.35483772571934,-1952.8081347877205
-192.94895630782472,124.10884970268886,-1961.9689040502433,-183.59395077934064,152.74793457115126,-1952.7769730626153
-193.92580277196274,124.41222218062511,-1962.0325243419068,-184.87699544084734,153.124976651571,-1952.7445440086399
-195.01100000000002,124.67600000000002,-1962.032,-186.26600000000002,153.466,-1952.679
-196.07657619435153,124.98275640622457,-1961.9422393218226,-187.69167499132183,153.86022609767747,-1952.577342028948
-197.15862952983878,125.38827992068956,-1961.8374903253487,-189.2100493412476,154.33949876351815,-1952.3202775372304
-198.37538317453158,125.83236844284026,-1961.6868477991723,-190.936264190032,154.82627811045313,-1951.8099677369507
-199.8836575038486,126.10900501224505,-1961.2859197419712,-193.00344247422362,155.1200243426001,-1951.0428197307638
-201.55900000000003,126.272,-1960.7469999999998,-195.2580000000001,155.288,-1950.1989999999998
-203.16011786917,126.4969956726732,-1960.331751714986,-197.4275888751228,155.51942077389282,-1949.5152536992766
-204.71425971787966,126.742544117305,-1960.041243832903,-199.5107031889077,155.77146657133716,-1949.0001612763092
-206.26140661653517,126.95779926961916,-1959.8393143928115,-201.54999133899935,155.99628368528627,-1948.622296615948
-207.76835102790974,127.16462918263147,-1959.7294170755845,-203.55854789952778,156.2293575332238,-1948.3723739916281
-209.342,127.411,-1959.658,-205.643,156.51,-1948.184
-211.0901186088055,127.72820461476783,-1959.583423498889,-207.87123150229027,156.85519765989434,-1948.020249608647
-212.7492331404154,128.0306499794487,-1959.6658463636802,-209.91340883554622,157.20208752694813,-1948.1112880946744
-214.22514476564018,128.27408553696415,-1959.9807877746407,-211.69840218200153,157.51552225466088,-1948.5409762337629
-215.79796904484445,128.5181574909175,-1960.3977843276446,-213.66109875033078,157.83047992976134,-1949.0746127045757
-217.385,128.762,-1960.821,-215.682,158.141,-1949.604
-218.76676247294037,128.97633235939875,-1961.2034023427677,-217.42810900578118,158.42370091160157,-1950.1178386510755
-220.19522498052035,129.1973689513626,-1961.558161255737,-219.25436536268856,158.70659002736062,-1950.595025800637
-221.78985757017568,129.43884080824552,-1961.9441453258723,-221.32484719692025,158.99855107234757,-1951.0759712284232
-223.29987464018063,129.65698928965935,-1962.4563658868863,-223.26886908327535,159.26234211918626,-1951.6904613704621
-224.68599999999998,129.84099999999998,-1963.057,-225.045,159.50099999999998,-1952.4509999999998
-226.05500879829788,130.0004646964972,-1963.6500866771862,-226.81725219709097,159.7330349368246,-1953.2878285354268
-227.4668278725291,130.1289725496983,-1964.2593283379977,-228.59964030465062,159.92531905029975,-1954.1277862722181
-228.9102215852272,130.24414443426804,-1964.9537352799866,-230.35481557814936,160.0929339832649,-1955.022143888226
-230.2874456657601,130.39907944679373,-1965.8135015542566,-232.02342091934912,160.33392987255104,-1956.192212031375
-231.55099999999996,130.55400000000003,-1966.7789999999998,-233.52100000000002,160.611,-1957.592
-232.6907800155679,130.63717542274654,-1967.7315224435267,-234.78420874548402,160.82612237351947,-1959.0302135067302
-233.69687764796754,130.69692246432703,-1968.6807091683995,-235.89286679548084,161.0071313570543,-1960.465040044032
-234.5572279980097,130.7817046098163,-1969.6792761148226,-236.88097473931353,161.20136979787858,-1961.93875458383
-235.2614787402937,130.89286347706653,-1970.7883932917753,-237.6689071105716,161.43393650816174,-1963.5538169980434
-235.856,131.025,-1971.9769999999999,-238.32300000000004,161.69299999999998,-1965.2869999999998
-236.4163423921728,131.16590932068303,-1973.1737702594357,-238.97891703774334,161.94536964016373,-1967.0489571146045
-236.98778243316085,131.28361130529564,-1974.3875709052465,-239.64607033034875,162.16357038287606,-1968.825971438128
-237.57679451826982,131.3705038552858,-1975.6822907492476,-240.28075397755146,162.35103652704927,-1970.7007777526292
-238.14347583896455,131.46033174574714,-1977.1557752734302,-240.81580933092616,162.55025970303788,-1972.8440240703505
-238.66699999999997,131.541,-1978.6769999999997,-241.291,162.73000000000002,-1975.062
-239.15062359144417,131.57980390173603,-1980.0288320658037,-241.7925212918602,162.83182433796435,-1977.0231525338154
-239.63245182767037,131.59007366029962,-1981.2499717587807,-242.3091400263839,162.88844073339123,-1978.8070691732976
-240.05380105196187,131.63167091532338,-1982.4525569243135,-242.73895442801373,162.97469879555993,-1980.5725782794661
-240.222353633549,131.80262174408182,-1983.7479164898439,-242.90606368126635,163.17980693386758,-1982.4256033437232
-240.28600000000006,132.018,-1985.0790000000002,-242.96000000000004,163.416,-1984.2980000000002
-240.50342285273194,132.1208077890421,-1986.326906318766,-243.14303978552556,163.5298367856904,-1986.0746311269827
-240.66937852798318,132.147686359123,-1987.5600656381598,-243.21365629768982,163.56615148078134,-1987.8891195503913
-240.66977477971295,132.1694805478989,-1988.832741186474,-243.0632077657359,163.59522610383405,-1989.8088637151482
-240.70589521648836,132.22564956199852,-1990.109887254723,-242.965359243225,163.641603735848,-1991.7161540560608
-240.908,132.25499999999997,-1991.422,-243.063,163.64,-1993.6559999999997
-241.2585960664962,132.1899830680753,-1992.8363593583713,-243.30981786081466,163.5266948061323,-1995.7456768630864
-241.40884071720328,132.18854766530305,-1994.3754150569137,-243.332548493749,163.46401026597871,-1997.9272982063662
-241.25841440296372,132.3048285939312,-1995.9077813790389,-243.04250575371572,163.51589580507073,-1999.9964445328267
-241.186823109053,132.35764103199222,-1997.1161542645561,-242.87681567103073,163.5168548020342,-2001.631689741093
-241.205,132.312,-1998.08,-242.81399999999996,163.42,-2002.988
-241.12450168946515,132.23228067104216,-1999.078655045924,-242.59853545211132,163.2677532954304,-2004.436963992494
-241.02049617744848,132.14937104511876,-2000.122271402329,-242.34317402736488,163.10158668832548,-2005.9571977185744
-241.03516426617273,132.08533656767813,-2001.1525871034933,-242.25410104104736,162.96236003248822,-2007.427756577862
